name,total_time,found,error,found.num_mutations,path,source,oop_category,side_effects,opcode_count,max_vm_usage,stats.Evaluated,stats.BankSize,stats.FoundContextCount,stats.MaxMutatingOpcodes,stats.MaxDepth,stats.MaxSize,string_literals,num_literals,iterations,expected,examples_count,var_count
inc_tree_values_min_ops,0.024828,"tree1.inc_value(), tree3.inc_value(), tree2.inc_value()",,3,tasks/benchmarks/new_ruse/relations/inc_tree_values_min_ops.sy,,Full OOP,With Side Effects,9,34.820096 MB,29,16,8,1,2,2,"[' ', '']","[0, 1]","[{'time': {'secs': 0, 'nanos': 3350797}, 'statistics': {'Evaluated': 7, 'BankSize': 7, 'FoundContextCount': 5, 'MaxMutatingOpcodes': 0, 'MaxDepth': 1, 'MaxSize': 1}}, {'time': {'secs': 0, 'nanos': 16334989}, 'statistics': {'Evaluated': 18, 'BankSize': 6, 'FoundContextCount': 3, 'MaxMutatingOpcodes': 1, 'MaxDepth': 2, 'MaxSize': 2}}, {'time': {'secs': 0, 'nanos': 4787297}, 'statistics': {'Evaluated': 11, 'BankSize': 10, 'FoundContextCount': 5, 'MaxMutatingOpcodes': 1, 'MaxDepth': 2, 'MaxSize': 2}}]",['tree1.inc_value(); tree2.inc_value(); tree3.inc_value()'],1,3
ab,0.038319,a + b,,0,tasks/benchmarks/fromFrangel/other/ab.sy,https://github.com/kensens/FrAngel/blob/master/src/frangel/benchmarks/other/AB.java,Primitive,Without Side Effects,880,28.676096 MB,100,25,4,1,2,3,"[' ', '']","[0, 1]","[{'time': {'secs': 0, 'nanos': 550502}, 'statistics': {'Evaluated': 6, 'BankSize': 6, 'FoundContextCount': 4, 'MaxMutatingOpcodes': 0, 'MaxDepth': 1, 'MaxSize': 1}}, {'time': {'secs': 0, 'nanos': 37249136}, 'statistics': {'Evaluated': 94, 'BankSize': 19, 'FoundContextCount': 0, 'MaxMutatingOpcodes': 1, 'MaxDepth': 2, 'MaxSize': 3}}]",['a + b'],1,2
SortArrayGivenSwap-mustmut,0.044306,"arr.sort((a, b)=>a - b)",,1,tasks/benchmarks/fromSobeq/must/stateCopies/SortArrayGivenSwap-mustmut.sy,https://github.com/kensens/FrAngel/blob/master/src/frangel/benchmarks/controlstructures/SortArrayGivenSwap.java,Primitive Objects,With Side Effects,879,29.097984 MB,18,12,2,1,2,2,"[' ', '']","[0, 1]","[{'time': {'secs': 0, 'nanos': 530023}, 'statistics': {'Evaluated': 5, 'BankSize': 5, 'FoundContextCount': 2, 'MaxMutatingOpcodes': 0, 'MaxDepth': 1, 'MaxSize': 1}}, {'time': {'secs': 0, 'nanos': 43418032}, 'statistics': {'Evaluated': 13, 'BankSize': 7, 'FoundContextCount': 0, 'MaxMutatingOpcodes': 1, 'MaxDepth': 2, 'MaxSize': 2}}]","['arr.sort((a, b)=>a - b)']",3,1
strip-html-from-text-or-numbersmodified,0.045468,"_arg_0.replaceAll(""<b>"", """")",,0,tasks/benchmarks/fromSobeq/may/probe/strip-html-from-text-or-numbersmodified.sy,https=//exceljet.net/formula/strip-html-from-text-or-numbers,Primitive,Without Side Effects,880,28.028928 MB,426,50,2,1,2,4,"[' ', '<b>', '']","[0, 1]","[{'time': {'secs': 0, 'nanos': 552565}, 'statistics': {'Evaluated': 6, 'BankSize': 6, 'FoundContextCount': 2, 'MaxMutatingOpcodes': 0, 'MaxDepth': 1, 'MaxSize': 1}}, {'time': {'secs': 0, 'nanos': 44464072}, 'statistics': {'Evaluated': 420, 'BankSize': 44, 'FoundContextCount': 0, 'MaxMutatingOpcodes': 1, 'MaxDepth': 2, 'MaxSize': 4}}]","[""_arg_0.replaceAll('<b>', '')""]",3,1
SortArrayGivenSwap,0.049409,"arr.sort((a, b)=>a - b)",,1,tasks/benchmarks/fromSobeq/may/FrAngel/SortArrayGivenSwap.sy,https://github.com/kensens/FrAngel/blob/master/src/frangel/benchmarks/controlstructures/SortArrayGivenSwap.java,Primitive Objects,Possibly With Side Effects,879,29.093888 MB,18,12,2,1,2,2,"[' ', '']","[0, 1]","[{'time': {'secs': 0, 'nanos': 575503}, 'statistics': {'Evaluated': 5, 'BankSize': 5, 'FoundContextCount': 2, 'MaxMutatingOpcodes': 0, 'MaxDepth': 1, 'MaxSize': 1}}, {'time': {'secs': 0, 'nanos': 48363686}, 'statistics': {'Evaluated': 13, 'BankSize': 7, 'FoundContextCount': 0, 'MaxMutatingOpcodes': 1, 'MaxDepth': 2, 'MaxSize': 2}}]","['arr.sort((a, b)=>a - b)', 'arr.slice(0).sort((a, b)=>a - b)']",3,1
getElementById,0.050195,"document.getElementById(""students"")",,0,tasks/benchmarks/new_ruse/simple/getElementById.sy,,Primitive Objects,Without Side Effects,880,28.864512 MB,138,26,2,0,2,3,"[' ', 'students', '']","[0, 1]","[{'time': {'secs': 0, 'nanos': 534114}, 'statistics': {'Evaluated': 6, 'BankSize': 6, 'FoundContextCount': 2, 'MaxMutatingOpcodes': 0, 'MaxDepth': 1, 'MaxSize': 1}}, {'time': {'secs': 0, 'nanos': 49209105}, 'statistics': {'Evaluated': 132, 'BankSize': 20, 'FoundContextCount': 0, 'MaxMutatingOpcodes': 0, 'MaxDepth': 2, 'MaxSize': 3}}]","['document.getElementById(""students"")']",1,1
AddArrayToListOrNull,0.051527,arr.concat(list),,0,tasks/benchmarks/fromSobeq/may/LooPy/AddArrayToListOrNull.sy,https://github.com/kensens/FrAngel/blob/master/src/frangel/benchmarks/controlstructures/AddArrayToListOrNull.java,Primitive Objects,Without Side Effects,880,29.032448 MB,153,42,4,1,2,3,"[' ', '']","[0, 1]","[{'time': {'secs': 0, 'nanos': 661398}, 'statistics': {'Evaluated': 6, 'BankSize': 6, 'FoundContextCount': 4, 'MaxMutatingOpcodes': 0, 'MaxDepth': 1, 'MaxSize': 1}}, {'time': {'secs': 0, 'nanos': 50416484}, 'statistics': {'Evaluated': 147, 'BankSize': 36, 'FoundContextCount': 0, 'MaxMutatingOpcodes': 1, 'MaxDepth': 2, 'MaxSize': 3}}]",['arr.concat(list)'],3,2
x_y_mut_inc,0.052809,(++x) + (++y),,2,tasks/benchmarks/new_ruse/simple/x_y_mut_inc.sy,,Primitive,With Side Effects,880,28.545024 MB,2394,634,16,2,3,7,"[' ', '']","[0, 1]","[{'time': {'secs': 0, 'nanos': 498396}, 'statistics': {'Evaluated': 6, 'BankSize': 6, 'FoundContextCount': 4, 'MaxMutatingOpcodes': 0, 'MaxDepth': 1, 'MaxSize': 1}}, {'time': {'secs': 0, 'nanos': 48797317}, 'statistics': {'Evaluated': 562, 'BankSize': 56, 'FoundContextCount': 12, 'MaxMutatingOpcodes': 1, 'MaxDepth': 2, 'MaxSize': 4}}, {'time': {'secs': 0, 'nanos': 3132933}, 'statistics': {'Evaluated': 1832, 'BankSize': 578, 'FoundContextCount': 4, 'MaxMutatingOpcodes': 2, 'MaxDepth': 3, 'MaxSize': 7}}]","['(++x) + (++y)', '(++y) + (++x)']",2,2
count-total-words-in-a-cellmodified,0.053343,"_arg_0.split("" "").length",,0,tasks/benchmarks/fromSobeq/may/probe/count-total-words-in-a-cellmodified.sy,https=//exceljet.net/formula/count-total-words-in-a-cell,Primitive,Without Side Effects,879,28.028928 MB,1290,215,4,1,3,9,"[' ', '']","[0, 1]","[{'time': {'secs': 0, 'nanos': 563422}, 'statistics': {'Evaluated': 5, 'BankSize': 5, 'FoundContextCount': 2, 'MaxMutatingOpcodes': 0, 'MaxDepth': 1, 'MaxSize': 1}}, {'time': {'secs': 0, 'nanos': 48798369}, 'statistics': {'Evaluated': 315, 'BankSize': 33, 'FoundContextCount': 2, 'MaxMutatingOpcodes': 1, 'MaxDepth': 2, 'MaxSize': 4}}, {'time': {'secs': 0, 'nanos': 3550878}, 'statistics': {'Evaluated': 975, 'BankSize': 182, 'FoundContextCount': 2, 'MaxMutatingOpcodes': 1, 'MaxDepth': 3, 'MaxSize': 9}}]","[""_arg_0.split(' ').length""]",3,1
binary_search_tree_valid,0.053882,tree.valid(),,0,tasks/benchmarks/new_ruse/binary_search_tree/binary_search_tree_valid.sy,,Full OOP,Without Side Effects,1181,34.197504 MB,22,14,2,0,2,2,"[' ', '']","[0, 1]","[{'time': {'secs': 0, 'nanos': 546239}, 'statistics': {'Evaluated': 5, 'BankSize': 5, 'FoundContextCount': 2, 'MaxMutatingOpcodes': 0, 'MaxDepth': 1, 'MaxSize': 1}}, {'time': {'secs': 0, 'nanos': 53037756}, 'statistics': {'Evaluated': 17, 'BankSize': 9, 'FoundContextCount': 0, 'MaxMutatingOpcodes': 0, 'MaxDepth': 2, 'MaxSize': 2}}]",['tree.valid()'],2,1
binary_search_tree_height,0.054629,tree.height,,0,tasks/benchmarks/new_ruse/binary_search_tree/binary_search_tree_height.sy,,Full OOP,Without Side Effects,1181,34.197504 MB,16,10,2,0,2,2,"[' ', '']","[0, 1]","[{'time': {'secs': 0, 'nanos': 563592}, 'statistics': {'Evaluated': 5, 'BankSize': 5, 'FoundContextCount': 2, 'MaxMutatingOpcodes': 0, 'MaxDepth': 1, 'MaxSize': 1}}, {'time': {'secs': 0, 'nanos': 53821013}, 'statistics': {'Evaluated': 11, 'BankSize': 5, 'FoundContextCount': 0, 'MaxMutatingOpcodes': 0, 'MaxDepth': 2, 'MaxSize': 2}}]",['tree.height'],2,1
get-last-wordmodified,0.054807,"_arg_0.slice(1).slice(_arg_0.lastIndexOf("" ""))",,0,tasks/benchmarks/fromSobeq/may/probe/get-last-wordmodified.sy,https=//exceljet.net/formula/get-last-word,Primitive,Without Side Effects,879,29.097984 MB,571,89,4,1,3,8,"[' ', '']","[0, 1]","[{'time': {'secs': 0, 'nanos': 558224}, 'statistics': {'Evaluated': 5, 'BankSize': 5, 'FoundContextCount': 2, 'MaxMutatingOpcodes': 0, 'MaxDepth': 1, 'MaxSize': 1}}, {'time': {'secs': 0, 'nanos': 51484481}, 'statistics': {'Evaluated': 315, 'BankSize': 33, 'FoundContextCount': 2, 'MaxMutatingOpcodes': 1, 'MaxDepth': 2, 'MaxSize': 4}}, {'time': {'secs': 0, 'nanos': 1829322}, 'statistics': {'Evaluated': 256, 'BankSize': 56, 'FoundContextCount': 2, 'MaxMutatingOpcodes': 1, 'MaxDepth': 3, 'MaxSize': 8}}]","[""_arg_0.replace(' ','').slice(_arg_0.lastIndexOf(' '))"", ""_arg_0.split(' ').slice(-1)[0]"", ""_arg_0.slice(1).slice(_arg_0.lastIndexOf(' '))""]",3,1
stackoverflow1modified,0.054895,"_arg_0.split("" Inc"").shift()",,0,tasks/benchmarks/fromSobeq/may/probe/stackoverflow1modified.sy,https=//stackoverflow.com/questions/11891093/excel-function-to-replace-substring,Primitive,Without Side Effects,880,28.033024 MB,1585,294,5,1,3,9,"[' ', ' Inc', '']","[0, 1]","[{'time': {'secs': 0, 'nanos': 572807}, 'statistics': {'Evaluated': 6, 'BankSize': 6, 'FoundContextCount': 2, 'MaxMutatingOpcodes': 0, 'MaxDepth': 1, 'MaxSize': 1}}, {'time': {'secs': 0, 'nanos': 50374617}, 'statistics': {'Evaluated': 512, 'BankSize': 67, 'FoundContextCount': 3, 'MaxMutatingOpcodes': 1, 'MaxDepth': 2, 'MaxSize': 4}}, {'time': {'secs': 0, 'nanos': 3465756}, 'statistics': {'Evaluated': 1073, 'BankSize': 227, 'FoundContextCount': 2, 'MaxMutatingOpcodes': 1, 'MaxDepth': 3, 'MaxSize': 9}}]","[""_arg_0.slice(0, _arg_0.indexOf(' Inc'))"", ""_arg_0.split(' Inc')[0]""]",3,1
exceljet1modified,0.054922,"_arg_1.replaceAll(""_"", """").slice(_arg_1.indexOf(""_""))",,0,tasks/benchmarks/fromSobeq/may/probe/exceljet1modified.sy,https=//exceljet.net/formula/get-domain-from-email-address,Primitive,Without Side Effects,881,29.097984 MB,1285,213,14,1,3,8,"[' ', '_', '']","[0, 1]","[{'time': {'secs': 0, 'nanos': 502480}, 'statistics': {'Evaluated': 7, 'BankSize': 7, 'FoundContextCount': 4, 'MaxMutatingOpcodes': 0, 'MaxDepth': 1, 'MaxSize': 1}}, {'time': {'secs': 0, 'nanos': 52009269}, 'statistics': {'Evaluated': 805, 'BankSize': 113, 'FoundContextCount': 10, 'MaxMutatingOpcodes': 1, 'MaxDepth': 2, 'MaxSize': 4}}, {'time': {'secs': 0, 'nanos': 1982702}, 'statistics': {'Evaluated': 480, 'BankSize': 100, 'FoundContextCount': 4, 'MaxMutatingOpcodes': 1, 'MaxDepth': 3, 'MaxSize': 8}}]","[""_arg_1.replace('_','').slice(_arg_1.indexOf('_'))"", ""_arg_1.split('_')[1]"", ""_arg_1.slice(1).slice(_arg_1.indexOf('_'))""]",3,2
RemoveMax,0.055559,"list.sort((a, b)=>a - b).pop()",,2,tasks/benchmarks/fromSobeq/must/stateCopies/RemoveMax.sy,https://github.com/kensens/FrAngel/blob/master/src/frangel/benchmarks/controlstructures/MaxDouble.java,Primitive Objects,With Side Effects,879,28.598272 MB,1448,410,11,2,3,8,"[' ', '']","[0, 1]","[{'time': {'secs': 0, 'nanos': 680970}, 'statistics': {'Evaluated': 5, 'BankSize': 5, 'FoundContextCount': 2, 'MaxMutatingOpcodes': 0, 'MaxDepth': 1, 'MaxSize': 1}}, {'time': {'secs': 0, 'nanos': 48992775}, 'statistics': {'Evaluated': 320, 'BankSize': 41, 'FoundContextCount': 9, 'MaxMutatingOpcodes': 1, 'MaxDepth': 2, 'MaxSize': 4}}, {'time': {'secs': 0, 'nanos': 5142367}, 'statistics': {'Evaluated': 1128, 'BankSize': 369, 'FoundContextCount': 2, 'MaxMutatingOpcodes': 2, 'MaxDepth': 3, 'MaxSize': 8}}]","['list.sort((a, b)=>a - b).pop()']",3,1
exceljet4modified,0.056005,"_arg_0.split(""//"").pop()",,0,tasks/benchmarks/fromSobeq/may/probe/exceljet4modified.sy,https=//exceljet.net/formula/strip-protocol-and-trailing-slash-from-url,Primitive,Without Side Effects,880,29.097984 MB,1089,170,5,1,3,9,"[' ', '//', '']","[0, 1]","[{'time': {'secs': 0, 'nanos': 620351}, 'statistics': {'Evaluated': 6, 'BankSize': 6, 'FoundContextCount': 2, 'MaxMutatingOpcodes': 0, 'MaxDepth': 1, 'MaxSize': 1}}, {'time': {'secs': 0, 'nanos': 52812029}, 'statistics': {'Evaluated': 512, 'BankSize': 57, 'FoundContextCount': 3, 'MaxMutatingOpcodes': 1, 'MaxDepth': 2, 'MaxSize': 4}}, {'time': {'secs': 0, 'nanos': 2091871}, 'statistics': {'Evaluated': 577, 'BankSize': 113, 'FoundContextCount': 2, 'MaxMutatingOpcodes': 1, 'MaxDepth': 3, 'MaxSize': 9}}]","[""_arg_0.replace('//', '').slice(_arg_0.indexOf('//'))"", ""_arg_0.split('//')[1]""]",3,1
seq,0.056452,"x.push(y), x",,1,tasks/benchmarks/new_ruse/simple/seq.sy,,Primitive Objects,With Side Effects,880,30.69952 MB,3946,1213,14,2,3,8,"[' ', '']","[0, 1]","[{'time': {'secs': 0, 'nanos': 470844}, 'statistics': {'Evaluated': 6, 'BankSize': 6, 'FoundContextCount': 4, 'MaxMutatingOpcodes': 0, 'MaxDepth': 1, 'MaxSize': 1}}, {'time': {'secs': 0, 'nanos': 46743687}, 'statistics': {'Evaluated': 509, 'BankSize': 48, 'FoundContextCount': 10, 'MaxMutatingOpcodes': 1, 'MaxDepth': 2, 'MaxSize': 4}}, {'time': {'secs': 0, 'nanos': 8892070}, 'statistics': {'Evaluated': 3437, 'BankSize': 1165, 'FoundContextCount': 4, 'MaxMutatingOpcodes': 2, 'MaxDepth': 3, 'MaxSize': 8}}]","['x.push(y), x']",2,2
DigitsToString,0.057604,"digits.reverse().join("""")",,1,tasks/benchmarks/fromSobeq/may/sobeq-new/DigitsToString.sy,https://github.com/peleghila/sobeq/blob/main/benchmarks/may/sobeq-new/DigitsToString.sy,Primitive Objects,With Side Effects,879,29.097984 MB,4861,914,10,2,3,8,"[' ', '']","[0, 1]","[{'time': {'secs': 0, 'nanos': 394026}, 'statistics': {'Evaluated': 5, 'BankSize': 5, 'FoundContextCount': 2, 'MaxMutatingOpcodes': 0, 'MaxDepth': 1, 'MaxSize': 1}}, {'time': {'secs': 0, 'nanos': 47449519}, 'statistics': {'Evaluated': 315, 'BankSize': 40, 'FoundContextCount': 8, 'MaxMutatingOpcodes': 1, 'MaxDepth': 2, 'MaxSize': 4}}, {'time': {'secs': 0, 'nanos': 9279425}, 'statistics': {'Evaluated': 4546, 'BankSize': 874, 'FoundContextCount': 2, 'MaxMutatingOpcodes': 2, 'MaxDepth': 3, 'MaxSize': 8}}]","[""digits.reverse().join('')""]",1,1
stackoverflow6modified,0.05879,"_arg_0.split(""= "").pop()",,0,tasks/benchmarks/fromSobeq/may/probe/stackoverflow6modified.sy,https=//stackoverflow.com/questions/28627624/excel-single-cell-to-multiple-rows-and-get-substring,Primitive,Without Side Effects,880,29.10208 MB,1450,229,5,1,3,8,"[' ', '= ', '']","[0, 1]","[{'time': {'secs': 0, 'nanos': 412953}, 'statistics': {'Evaluated': 6, 'BankSize': 6, 'FoundContextCount': 2, 'MaxMutatingOpcodes': 0, 'MaxDepth': 1, 'MaxSize': 1}}, {'time': {'secs': 0, 'nanos': 55478110}, 'statistics': {'Evaluated': 512, 'BankSize': 56, 'FoundContextCount': 3, 'MaxMutatingOpcodes': 1, 'MaxDepth': 2, 'MaxSize': 4}}, {'time': {'secs': 0, 'nanos': 2491239}, 'statistics': {'Evaluated': 938, 'BankSize': 173, 'FoundContextCount': 2, 'MaxMutatingOpcodes': 1, 'MaxDepth': 3, 'MaxSize': 8}}]","[""_arg_0.replace('= ', '').slice(_arg_0.indexOf('= '))"", ""_arg_0.split('= ')[1]"", ""_arg_0.split('= ').slice(-1)[0]""]",2,1
remove-text-by-positionmodified,0.059488,"_arg_0.split(""/"").pop()",,0,tasks/benchmarks/fromSobeq/may/probe/remove-text-by-positionmodified.sy,https=//exceljet.net/formula/remove-text-by-position,Primitive,Without Side Effects,880,28.028928 MB,1797,310,5,1,3,9,"[' ', '/', '']","[0, 1]","[{'time': {'secs': 0, 'nanos': 606022}, 'statistics': {'Evaluated': 6, 'BankSize': 6, 'FoundContextCount': 2, 'MaxMutatingOpcodes': 0, 'MaxDepth': 1, 'MaxSize': 1}}, {'time': {'secs': 0, 'nanos': 54608987}, 'statistics': {'Evaluated': 512, 'BankSize': 57, 'FoundContextCount': 3, 'MaxMutatingOpcodes': 1, 'MaxDepth': 2, 'MaxSize': 4}}, {'time': {'secs': 0, 'nanos': 3889013}, 'statistics': {'Evaluated': 1285, 'BankSize': 253, 'FoundContextCount': 2, 'MaxMutatingOpcodes': 1, 'MaxDepth': 3, 'MaxSize': 9}}]","[""_arg_0.replace('/','').slice(_arg_0.lastIndexOf('/'))"", ""_arg_0.split('/').slice(-1)[0]"", ""_arg_0.slice(1).slice(_arg_0.lastIndexOf('/'))""]",3,1
get-first-name-from-name-with-commamodified,0.059972,"_arg_0.split("","").at(-_arg_1)",,0,tasks/benchmarks/fromSobeq/may/probe/get-first-name-from-name-with-commamodified.sy,https=//exceljet.net/formula/get-first-name-from-name-with-comma,Primitive,Without Side Effects,881,28.028928 MB,7137,1478,11,1,3,8,"[' ', ',', '']","[0, 1]","[{'time': {'secs': 0, 'nanos': 538030}, 'statistics': {'Evaluated': 7, 'BankSize': 7, 'FoundContextCount': 4, 'MaxMutatingOpcodes': 0, 'MaxDepth': 1, 'MaxSize': 1}}, {'time': {'secs': 0, 'nanos': 49103114}, 'statistics': {'Evaluated': 771, 'BankSize': 86, 'FoundContextCount': 7, 'MaxMutatingOpcodes': 1, 'MaxDepth': 2, 'MaxSize': 4}}, {'time': {'secs': 0, 'nanos': 9903117}, 'statistics': {'Evaluated': 6366, 'BankSize': 1392, 'FoundContextCount': 4, 'MaxMutatingOpcodes': 1, 'MaxDepth': 3, 'MaxSize': 8}}]","[""_arg_0.split(',')[2 - _arg_1]""]",3,2
MaxDouble,0.060707,"list.sort((a, b)=>a - b).pop()",,2,tasks/benchmarks/fromSobeq/may/LooPy/MaxDouble.sy,https://github.com/kensens/FrAngel/blob/master/src/frangel/benchmarks/controlstructures/MaxDouble.java,Primitive Objects,With Side Effects,879,29.544448 MB,1377,402,11,2,3,8,"[' ', '']","[0, 1]","[{'time': {'secs': 0, 'nanos': 602070}, 'statistics': {'Evaluated': 5, 'BankSize': 5, 'FoundContextCount': 2, 'MaxMutatingOpcodes': 0, 'MaxDepth': 1, 'MaxSize': 1}}, {'time': {'secs': 0, 'nanos': 52577329}, 'statistics': {'Evaluated': 320, 'BankSize': 41, 'FoundContextCount': 9, 'MaxMutatingOpcodes': 1, 'MaxDepth': 2, 'MaxSize': 4}}, {'time': {'secs': 0, 'nanos': 7074758}, 'statistics': {'Evaluated': 1057, 'BankSize': 361, 'FoundContextCount': 2, 'MaxMutatingOpcodes': 2, 'MaxDepth': 3, 'MaxSize': 8}}]","['list.sort((a, b)=>a - b).reverse()[0]', 'list.sort((n1, n2) => n1 - n2).pop()', 'list.sort((a, b)=>a - b).pop()', 'list.sort((a, b)=>a - b)[list.length - 1]', 'list.sort((a, b)=>a - b)[-1 + list.length]']",3,1
RotateQueueOnce,0.062075,queue.slice(1).concat(queue.shift()),,1,tasks/benchmarks/fromSobeq/may/sobeq-new/RotateQueueOnce.sy,https://github.com/peleghila/sobeq/blob/main/benchmarks/may/sobeq-new/RotateQueueOnce.sy,Primitive Objects,With Side Effects,879,29.10208 MB,2981,848,11,2,3,8,"[' ', '']","[0, 1]","[{'time': {'secs': 0, 'nanos': 481276}, 'statistics': {'Evaluated': 5, 'BankSize': 5, 'FoundContextCount': 2, 'MaxMutatingOpcodes': 0, 'MaxDepth': 1, 'MaxSize': 1}}, {'time': {'secs': 0, 'nanos': 51918114}, 'statistics': {'Evaluated': 320, 'BankSize': 42, 'FoundContextCount': 9, 'MaxMutatingOpcodes': 1, 'MaxDepth': 2, 'MaxSize': 4}}, {'time': {'secs': 0, 'nanos': 9179565}, 'statistics': {'Evaluated': 2661, 'BankSize': 806, 'FoundContextCount': 2, 'MaxMutatingOpcodes': 2, 'MaxDepth': 3, 'MaxSize': 8}}]","['queue.slice(1).concat([queue[0]])', 'queue.slice(1).concat(queue.slice(0, 1))', 'queue.slice(1).concat(Array(1).fill(queue[0]))', 'queue.splice(1, queue.length).concat(queue)', 'queue.splice(1).concat(queue)', 'queue.concat(queue).slice(1,queue.push(0))']",2,1
exceljet2modified,0.06221,"_arg_0.split(""."").pop()",,0,tasks/benchmarks/fromSobeq/may/probe/exceljet2modified.sy,https=//exceljet.net/formula/get-top-level-domain-tld,Primitive,Without Side Effects,880,29.097984 MB,2061,371,5,1,3,9,"[' ', '.', '']","[0, 1]","[{'time': {'secs': 0, 'nanos': 710763}, 'statistics': {'Evaluated': 6, 'BankSize': 6, 'FoundContextCount': 2, 'MaxMutatingOpcodes': 0, 'MaxDepth': 1, 'MaxSize': 1}}, {'time': {'secs': 0, 'nanos': 56681206}, 'statistics': {'Evaluated': 512, 'BankSize': 62, 'FoundContextCount': 3, 'MaxMutatingOpcodes': 1, 'MaxDepth': 2, 'MaxSize': 4}}, {'time': {'secs': 0, 'nanos': 4356893}, 'statistics': {'Evaluated': 1549, 'BankSize': 309, 'FoundContextCount': 2, 'MaxMutatingOpcodes': 1, 'MaxDepth': 3, 'MaxSize': 9}}]","[""_arg_0.replace('.','').slice(_arg_0.lastIndexOf('.'))"", ""_arg_0.split('.').slice(-1)[0]"", ""_arg_0.slice(1).slice(_arg_0.lastIndexOf('.'))""]",3,1
abc,0.063236,(a + b) + c[0],,0,tasks/benchmarks/fromFrangel/other/abc.sy,https://github.com/kensens/FrAngel/blob/master/src/frangel/benchmarks/other/ABC.java,Primitive,Without Side Effects,881,28.61056 MB,5552,1071,26,1,3,9,"[' ', '']","[0, 1]","[{'time': {'secs': 0, 'nanos': 409839}, 'statistics': {'Evaluated': 7, 'BankSize': 7, 'FoundContextCount': 5, 'MaxMutatingOpcodes': 0, 'MaxDepth': 1, 'MaxSize': 1}}, {'time': {'secs': 0, 'nanos': 55888973}, 'statistics': {'Evaluated': 839, 'BankSize': 134, 'FoundContextCount': 21, 'MaxMutatingOpcodes': 1, 'MaxDepth': 2, 'MaxSize': 4}}, {'time': {'secs': 0, 'nanos': 6422448}, 'statistics': {'Evaluated': 4713, 'BankSize': 937, 'FoundContextCount': 5, 'MaxMutatingOpcodes': 1, 'MaxDepth': 3, 'MaxSize': 9}}]",['a + b + c'],1,3
elasticsearch_mergePaths,0.063783,"path.slice(0) + (""."" + field)",,0,tasks/benchmarks/fromFrangel/github/elasticsearch_mergePaths.sy,https://github.com/kensens/FrAngel/blob/master/src/frangel/benchmarks/github/ElasticSearchMergePaths.java,Primitive,Without Side Effects,881,28.54912 MB,6090,1215,14,1,3,9,"[' ', '.', '']","[0, 1]","[{'time': {'secs': 0, 'nanos': 531016}, 'statistics': {'Evaluated': 7, 'BankSize': 7, 'FoundContextCount': 4, 'MaxMutatingOpcodes': 0, 'MaxDepth': 1, 'MaxSize': 1}}, {'time': {'secs': 0, 'nanos': 53733248}, 'statistics': {'Evaluated': 805, 'BankSize': 102, 'FoundContextCount': 10, 'MaxMutatingOpcodes': 1, 'MaxDepth': 2, 'MaxSize': 4}}, {'time': {'secs': 0, 'nanos': 9105921}, 'statistics': {'Evaluated': 5285, 'BankSize': 1113, 'FoundContextCount': 4, 'MaxMutatingOpcodes': 1, 'MaxDepth': 3, 'MaxSize': 9}}]","['path + ""."" + field']",2,2
exceljet3modified,0.06439,"_arg_0.slice(1).slice(_arg_0.indexOf("" ""))",,0,tasks/benchmarks/fromSobeq/may/probe/exceljet3modified.sy,https=//exceljet.net/formula/remove-text-by-variable-position,Primitive,Without Side Effects,879,29.097984 MB,4220,622,4,1,3,9,"[' ', '']","[0, 1]","[{'time': {'secs': 0, 'nanos': 515465}, 'statistics': {'Evaluated': 5, 'BankSize': 5, 'FoundContextCount': 2, 'MaxMutatingOpcodes': 0, 'MaxDepth': 1, 'MaxSize': 1}}, {'time': {'secs': 0, 'nanos': 52952258}, 'statistics': {'Evaluated': 315, 'BankSize': 34, 'FoundContextCount': 2, 'MaxMutatingOpcodes': 1, 'MaxDepth': 2, 'MaxSize': 4}}, {'time': {'secs': 0, 'nanos': 10408588}, 'statistics': {'Evaluated': 3905, 'BankSize': 588, 'FoundContextCount': 2, 'MaxMutatingOpcodes': 1, 'MaxDepth': 3, 'MaxSize': 9}}]","[""_arg_0.replace(' ','').slice(_arg_0.indexOf(' '))"", ""_arg_0.split('= ')[1]"", ""_arg_0.slice(1).slice(_arg_0.indexOf(' '))""]",3,1
partition-k-largest,0.06684,"nums.sort((a, b)=>a - b).splice(-k)",,2,tasks/benchmarks/fromSobeq/must/sobeq-new/partition-k-largest.sy,https://github.com/peleghila/sobeq/blob/main/benchmarks/must/sobeq-new/partition-k-largest.sy,Primitive Objects,With Side Effects,880,28.672 MB,7687,3097,29,3,3,7,"[' ', '']","[0, 1]","[{'time': {'secs': 0, 'nanos': 645646}, 'statistics': {'Evaluated': 6, 'BankSize': 6, 'FoundContextCount': 4, 'MaxMutatingOpcodes': 0, 'MaxDepth': 1, 'MaxSize': 1}}, {'time': {'secs': 0, 'nanos': 52105310}, 'statistics': {'Evaluated': 563, 'BankSize': 79, 'FoundContextCount': 25, 'MaxMutatingOpcodes': 1, 'MaxDepth': 2, 'MaxSize': 4}}, {'time': {'secs': 0, 'nanos': 13530266}, 'statistics': {'Evaluated': 7124, 'BankSize': 3018, 'FoundContextCount': 4, 'MaxMutatingOpcodes': 3, 'MaxDepth': 3, 'MaxSize': 7}}]","['nums.sort().splice(0, nums.length - k)[1]']",2,2
NegativeIndex,0.066967,str.indexOf(char) - str.length,,0,tasks/benchmarks/fromSobeq/may/sobeq-new/NegativeIndex.sy,https://github.com/peleghila/sobeq/blob/main/benchmarks/may/sobeq-new/NegativeIndex.sy,Primitive,Without Side Effects,880,29.036544 MB,10941,1911,12,1,3,9,"[' ', '']","[0, 1]","[{'time': {'secs': 0, 'nanos': 517218}, 'statistics': {'Evaluated': 6, 'BankSize': 6, 'FoundContextCount': 4, 'MaxMutatingOpcodes': 0, 'MaxDepth': 1, 'MaxSize': 1}}, {'time': {'secs': 0, 'nanos': 49833224}, 'statistics': {'Evaluated': 526, 'BankSize': 79, 'FoundContextCount': 8, 'MaxMutatingOpcodes': 1, 'MaxDepth': 2, 'MaxSize': 4}}, {'time': {'secs': 0, 'nanos': 16126384}, 'statistics': {'Evaluated': 10415, 'BankSize': 1832, 'FoundContextCount': 4, 'MaxMutatingOpcodes': 1, 'MaxDepth': 3, 'MaxSize': 9}}]",['str.indexOf(char) - str.length'],2,2
split-text-string-at-specific-charactermodified,0.067465,"_arg_0.split(""_"")[--_arg_1]",,1,tasks/benchmarks/fromSobeq/may/probe/split-text-string-at-specific-charactermodified.sy,https=//exceljet.net/formula/split-text-string-at-specific-character,Primitive,Without Side Effects,881,28.028928 MB,11020,2355,11,1,3,9,"[' ', '_', '']","[0, 1]","[{'time': {'secs': 0, 'nanos': 552997}, 'statistics': {'Evaluated': 7, 'BankSize': 7, 'FoundContextCount': 4, 'MaxMutatingOpcodes': 0, 'MaxDepth': 1, 'MaxSize': 1}}, {'time': {'secs': 0, 'nanos': 51645426}, 'statistics': {'Evaluated': 771, 'BankSize': 82, 'FoundContextCount': 7, 'MaxMutatingOpcodes': 1, 'MaxDepth': 2, 'MaxSize': 4}}, {'time': {'secs': 0, 'nanos': 14933472}, 'statistics': {'Evaluated': 10249, 'BankSize': 2273, 'FoundContextCount': 4, 'MaxMutatingOpcodes': 1, 'MaxDepth': 3, 'MaxSize': 9}}]","[""_arg_0.split('_')[_arg_1 - 1]""]",3,2
elasticsearch_convert,0.068439,"DistanceUnit.convert(distance, from, to)",,0,tasks/benchmarks/fromFrangel/github/elasticsearch_convert.sy,https://github.com/kensens/FrAngel/blob/master/src/frangel/benchmarks/github/ElasticSearchConvert.java,Full OOP,Without Side Effects,1185,39.03488 MB,1091,134,5,1,2,4,"[' ', '']","[0, 1]","[{'time': {'secs': 0, 'nanos': 1913139}, 'statistics': {'Evaluated': 16, 'BankSize': 16, 'FoundContextCount': 5, 'MaxMutatingOpcodes': 0, 'MaxDepth': 1, 'MaxSize': 1}}, {'time': {'secs': 0, 'nanos': 66347572}, 'statistics': {'Evaluated': 1075, 'BankSize': 118, 'FoundContextCount': 0, 'MaxMutatingOpcodes': 1, 'MaxDepth': 2, 'MaxSize': 4}}]","['DistanceUnit.convert(distance, from, to)']",3,3
abcd,0.072366,"(a + "" "") + (c + d)",,0,tasks/benchmarks/fromFrangel/other/abcd.sy,https://github.com/kensens/FrAngel/blob/master/src/frangel/benchmarks/other/ABCD.java,Primitive,Without Side Effects,882,28.479488 MB,13077,2452,40,1,3,9,"[' ', '']","[0, 1]","[{'time': {'secs': 0, 'nanos': 501432}, 'statistics': {'Evaluated': 8, 'BankSize': 8, 'FoundContextCount': 6, 'MaxMutatingOpcodes': 0, 'MaxDepth': 1, 'MaxSize': 1}}, {'time': {'secs': 0, 'nanos': 56367033}, 'statistics': {'Evaluated': 1238, 'BankSize': 167, 'FoundContextCount': 34, 'MaxMutatingOpcodes': 1, 'MaxDepth': 2, 'MaxSize': 4}}, {'time': {'secs': 0, 'nanos': 14976659}, 'statistics': {'Evaluated': 11839, 'BankSize': 2285, 'FoundContextCount': 6, 'MaxMutatingOpcodes': 1, 'MaxDepth': 3, 'MaxSize': 9}}]",['a + b + c + d'],1,4
stackoverflow2modified,0.07348,""" "".replaceAll("""", _arg_0).substring(-1, _arg_0.lastIndexOf("" ""))",,0,tasks/benchmarks/fromSobeq/may/probe/stackoverflow2modified.sy,https=//stackoverflow.com/questions/26262269/how-to-find-all-the-strings-in-a-cell-that-contains-a-given-substring-in-excel,Primitive,Without Side Effects,879,29.10208 MB,10050,665,4,1,3,11,"[' ', '']","[0, 1]","[{'time': {'secs': 0, 'nanos': 442816}, 'statistics': {'Evaluated': 5, 'BankSize': 5, 'FoundContextCount': 2, 'MaxMutatingOpcodes': 0, 'MaxDepth': 1, 'MaxSize': 1}}, {'time': {'secs': 0, 'nanos': 52705682}, 'statistics': {'Evaluated': 315, 'BankSize': 32, 'FoundContextCount': 2, 'MaxMutatingOpcodes': 1, 'MaxDepth': 2, 'MaxSize': 4}}, {'time': {'secs': 0, 'nanos': 19977214}, 'statistics': {'Evaluated': 9735, 'BankSize': 633, 'FoundContextCount': 2, 'MaxMutatingOpcodes': 1, 'MaxDepth': 3, 'MaxSize': 11}}]","[""_arg_0.slice(0, _arg_0.lastIndexOf(' '))"", ""_arg_0.split(' ').slice(0, _arg_0.split(' ').length-1).join(' ')"", ""_arg_0.split(' ').slice(0, -1).join(' ')""]",2,1
MoveFromAToB,0.074291,b.reverse().push(a.pop()),,2,tasks/benchmarks/fromSobeq/must/sobeq-new/MoveFromAToB.sy,https://github.com/peleghila/sobeq/blob/main/benchmarks/must/sobeq-new/MoveFromAToB.sy,Primitive Objects,With Side Effects,880,30.695424 MB,6267,1703,15,3,3,9,"[' ', '']","[0, 1]","[{'time': {'secs': 0, 'nanos': 628956}, 'statistics': {'Evaluated': 6, 'BankSize': 6, 'FoundContextCount': 4, 'MaxMutatingOpcodes': 0, 'MaxDepth': 1, 'MaxSize': 1}}, {'time': {'secs': 0, 'nanos': 53868100}, 'statistics': {'Evaluated': 463, 'BankSize': 55, 'FoundContextCount': 11, 'MaxMutatingOpcodes': 1, 'MaxDepth': 2, 'MaxSize': 4}}, {'time': {'secs': 0, 'nanos': 19262600}, 'statistics': {'Evaluated': 5804, 'BankSize': 1648, 'FoundContextCount': 4, 'MaxMutatingOpcodes': 3, 'MaxDepth': 3, 'MaxSize': 9}}]",['b.push(a.pop())'],2,2
sypet_03_findRoots,0.07592,findRoots(func.real_coeffs()),,0,tasks/benchmarks/fromFrangel/sypet/sypet_03_findRoots.sy,https://github.com/kensens/FrAngel/blob/master/src/frangel/benchmarks/sypet/SyPet_03_findRoots.java,Full OOP,Without Side Effects,1532,36.880384 MB,2575,38,2,0,3,7,"[' ', '']","[0, 1]","[{'time': {'secs': 0, 'nanos': 1829325}, 'statistics': {'Evaluated': 5, 'BankSize': 5, 'FoundContextCount': 2, 'MaxMutatingOpcodes': 0, 'MaxDepth': 1, 'MaxSize': 1}}, {'time': {'secs': 0, 'nanos': 61290731}, 'statistics': {'Evaluated': 261, 'BankSize': 20, 'FoundContextCount': 0, 'MaxMutatingOpcodes': 0, 'MaxDepth': 2, 'MaxSize': 4}}, {'time': {'secs': 0, 'nanos': 12431297}, 'statistics': {'Evaluated': 2314, 'BankSize': 18, 'FoundContextCount': 2, 'MaxMutatingOpcodes': 0, 'MaxDepth': 3, 'MaxSize': 7}}]",['findRoots(func.real_coeffs())'],2,1
set-adddelete,0.081812,seen.add(s1).delete(s2),,2,tasks/benchmarks/fromSobeq/must/sobeq-new/set-adddelete.sy,https://github.com/peleghila/sobeq/blob/main/benchmarks/must/sobeq-new/set-adddelete.sy,Primitive Objects,With Side Effects,881,28.602368 MB,10360,2020,23,2,3,9,"[' ', '']","[0, 1]","[{'time': {'secs': 0, 'nanos': 674616}, 'statistics': {'Evaluated': 7, 'BankSize': 7, 'FoundContextCount': 5, 'MaxMutatingOpcodes': 0, 'MaxDepth': 1, 'MaxSize': 1}}, {'time': {'secs': 0, 'nanos': 58850416}, 'statistics': {'Evaluated': 719, 'BankSize': 93, 'FoundContextCount': 18, 'MaxMutatingOpcodes': 1, 'MaxDepth': 2, 'MaxSize': 4}}, {'time': {'secs': 0, 'nanos': 21788586}, 'statistics': {'Evaluated': 9641, 'BankSize': 1927, 'FoundContextCount': 5, 'MaxMutatingOpcodes': 2, 'MaxDepth': 3, 'MaxSize': 9}}]","['seen.add(s1).delete(s2)', 'seen.add(s2).delete(s1)', 'seen.add(s2), seen.delete(s1)', 'seen.add(s1), seen.delete(s2)']",3,3
RotateQueue,0.082293,queue.splice(amount).concat(queue),,1,tasks/benchmarks/fromSobeq/may/FrAngel/RotateQueue.sy,https://github.com/kensens/FrAngel/blob/master/src/frangel/benchmarks/controlstructures/RotateQueue.java,Primitive Objects,Possibly With Side Effects,880,29.032448 MB,13310,3432,25,3,3,9,"[' ', '']","[0, 1]","[{'time': {'secs': 0, 'nanos': 554746}, 'statistics': {'Evaluated': 6, 'BankSize': 6, 'FoundContextCount': 4, 'MaxMutatingOpcodes': 0, 'MaxDepth': 1, 'MaxSize': 1}}, {'time': {'secs': 0, 'nanos': 47041236}, 'statistics': {'Evaluated': 549, 'BankSize': 75, 'FoundContextCount': 21, 'MaxMutatingOpcodes': 1, 'MaxDepth': 2, 'MaxSize': 4}}, {'time': {'secs': 0, 'nanos': 34239918}, 'statistics': {'Evaluated': 12761, 'BankSize': 3357, 'FoundContextCount': 4, 'MaxMutatingOpcodes': 3, 'MaxDepth': 3, 'MaxSize': 9}}]","['queue.slice(amount).concat(queue.slice(0, amount))', 'queue.splice(amount,queue.length).concat(queue)', 'queue.splice(amount).concat(queue)', 'queue.concat(queue.splice(0,amount))']",3,2
phone-5-longmodified,0.089532,"(_arg_0 + "" "").slice(1, _arg_0.indexOf("" ""))",,0,tasks/benchmarks/fromSobeq/may/probe/phone-5-longmodified.sy,,Primitive,Without Side Effects,880,29.097984 MB,24328,1781,5,1,3,11,"[' ', '+', '']","[0, 1]","[{'time': {'secs': 0, 'nanos': 476985}, 'statistics': {'Evaluated': 6, 'BankSize': 6, 'FoundContextCount': 2, 'MaxMutatingOpcodes': 0, 'MaxDepth': 1, 'MaxSize': 1}}, {'time': {'secs': 0, 'nanos': 52450069}, 'statistics': {'Evaluated': 512, 'BankSize': 55, 'FoundContextCount': 3, 'MaxMutatingOpcodes': 1, 'MaxDepth': 2, 'MaxSize': 4}}, {'time': {'secs': 0, 'nanos': 36319142}, 'statistics': {'Evaluated': 23816, 'BankSize': 1726, 'FoundContextCount': 2, 'MaxMutatingOpcodes': 1, 'MaxDepth': 3, 'MaxSize': 11}}]","[""_arg_0.slice(1,_arg_0.indexOf(' '))"", ""_arg_0.split(' ')[0].replace('+', '')""]",3,1
DelimitedStringConcat,0.090964,a2 + a0.join(a1),,0,tasks/benchmarks/fromSobeq/may/FrAngel/DelimitedStringConcat.sy,https://github.com/kensens/FrAngel/blob/master/src/frangel/benchmarks/controlstructures/DelimitedStringConcat.java,Primitive Objects,Without Side Effects,881,29.032448 MB,14209,3849,29,2,3,9,"[' ', '']","[0, 1]","[{'time': {'secs': 0, 'nanos': 660496}, 'statistics': {'Evaluated': 7, 'BankSize': 7, 'FoundContextCount': 5, 'MaxMutatingOpcodes': 0, 'MaxDepth': 1, 'MaxSize': 1}}, {'time': {'secs': 0, 'nanos': 59805759}, 'statistics': {'Evaluated': 776, 'BankSize': 139, 'FoundContextCount': 24, 'MaxMutatingOpcodes': 1, 'MaxDepth': 2, 'MaxSize': 4}}, {'time': {'secs': 0, 'nanos': 30063313}, 'statistics': {'Evaluated': 13433, 'BankSize': 3710, 'FoundContextCount': 5, 'MaxMutatingOpcodes': 2, 'MaxDepth': 3, 'MaxSize': 9}}]",['a2 + a0.join(a1)'],4,3
sypet_04_evaluate,0.091693,new SingularValueDecomposition(mat),,0,tasks/benchmarks/fromFrangel/sypet/sypet_04_evaluate.sy,https://github.com/kensens/FrAngel/blob/master/src/frangel/benchmarks/sypet/SyPet_04_evaluate.java,Full OOP,Without Side Effects,2504,38.68672 MB,30,19,2,0,2,2,"[' ', '']","[0, 1]","[{'time': {'secs': 0, 'nanos': 28328123}, 'statistics': {'Evaluated': 8, 'BankSize': 8, 'FoundContextCount': 2, 'MaxMutatingOpcodes': 0, 'MaxDepth': 1, 'MaxSize': 1}}, {'time': {'secs': 0, 'nanos': 62998105}, 'statistics': {'Evaluated': 22, 'BankSize': 11, 'FoundContextCount': 0, 'MaxMutatingOpcodes': 0, 'MaxDepth': 2, 'MaxSize': 2}}]",['new SingularValueDecomposition(mat)'],1,1
binary_search_tree_get,0.094689,tree.right.value,,0,tasks/benchmarks/new_ruse/binary_search_tree/binary_search_tree_get.sy,,Full OOP,Without Side Effects,1181,34.193408 MB,1421,111,4,2,3,10,"[' ', '']","[0, 1]","[{'time': {'secs': 0, 'nanos': 539667}, 'statistics': {'Evaluated': 5, 'BankSize': 5, 'FoundContextCount': 2, 'MaxMutatingOpcodes': 0, 'MaxDepth': 1, 'MaxSize': 1}}, {'time': {'secs': 0, 'nanos': 66004754}, 'statistics': {'Evaluated': 271, 'BankSize': 23, 'FoundContextCount': 2, 'MaxMutatingOpcodes': 1, 'MaxDepth': 2, 'MaxSize': 4}}, {'time': {'secs': 0, 'nanos': 27817747}, 'statistics': {'Evaluated': 1150, 'BankSize': 88, 'FoundContextCount': 2, 'MaxMutatingOpcodes': 2, 'MaxDepth': 3, 'MaxSize': 10}}]",['tree.right.value'],2,1
inc_tree_values_connected_min_ops,0.098234,"tree2.inc_value(), tree3.inc_value(), tree1.inc_value()",,3,tasks/benchmarks/new_ruse/relations/inc_tree_values_connected_min_ops.sy,,Full OOP,With Side Effects,9,34.820096 MB,202,94,21,1,2,2,"[' ', '']","[0, 1]","[{'time': {'secs': 0, 'nanos': 3830806}, 'statistics': {'Evaluated': 7, 'BankSize': 7, 'FoundContextCount': 2, 'MaxMutatingOpcodes': 0, 'MaxDepth': 1, 'MaxSize': 1}}, {'time': {'secs': 0, 'nanos': 19343333}, 'statistics': {'Evaluated': 24, 'BankSize': 12, 'FoundContextCount': 3, 'MaxMutatingOpcodes': 1, 'MaxDepth': 2, 'MaxSize': 2}}, {'time': {'secs': 0, 'nanos': 9807718}, 'statistics': {'Evaluated': 58, 'BankSize': 34, 'FoundContextCount': 8, 'MaxMutatingOpcodes': 1, 'MaxDepth': 2, 'MaxSize': 2}}, {'time': {'secs': 0, 'nanos': 16262978}, 'statistics': {'Evaluated': 112, 'BankSize': 60, 'FoundContextCount': 13, 'MaxMutatingOpcodes': 1, 'MaxDepth': 2, 'MaxSize': 2}}, {'time': {'secs': 0, 'nanos': 48638565}, 'statistics': {'Evaluated': 90, 'BankSize': 34, 'FoundContextCount': 8, 'MaxMutatingOpcodes': 1, 'MaxDepth': 2, 'MaxSize': 2}}]",['tree1.inc_value(); tree2.inc_value(); tree3.inc_value()'],1,3
sypet_02_getInnerProduct,0.100513,vec2.dot(vec1),,0,tasks/benchmarks/fromFrangel/sypet/sypet_02_getInnerProduct.sy,https://github.com/kensens/FrAngel/blob/master/src/frangel/benchmarks/sypet/SyPet_02_getInnerProduct.java,Full OOP,Without Side Effects,2503,38.690816 MB,198,46,4,0,2,3,"[' ', '']","[0, 1]","[{'time': {'secs': 0, 'nanos': 28465723}, 'statistics': {'Evaluated': 9, 'BankSize': 9, 'FoundContextCount': 4, 'MaxMutatingOpcodes': 0, 'MaxDepth': 1, 'MaxSize': 1}}, {'time': {'secs': 0, 'nanos': 71761043}, 'statistics': {'Evaluated': 189, 'BankSize': 37, 'FoundContextCount': 0, 'MaxMutatingOpcodes': 0, 'MaxDepth': 2, 'MaxSize': 3}}]","['vec1.transpose().mmul(vec2)', 'vec1.dot(vec2)']",1,2
binary_search_tree_unlink_leaf,0.100788,tree.right.unlink_leaf(),,1,tasks/benchmarks/new_ruse/binary_search_tree/binary_search_tree_unlink_leaf.sy,,Full OOP,With Side Effects,1181,34.197504 MB,577,71,4,2,3,7,"[' ', '']","[0, 1]","[{'time': {'secs': 0, 'nanos': 4408185}, 'statistics': {'Evaluated': 5, 'BankSize': 5, 'FoundContextCount': 2, 'MaxMutatingOpcodes': 0, 'MaxDepth': 1, 'MaxSize': 1}}, {'time': {'secs': 0, 'nanos': 65964453}, 'statistics': {'Evaluated': 271, 'BankSize': 21, 'FoundContextCount': 2, 'MaxMutatingOpcodes': 1, 'MaxDepth': 2, 'MaxSize': 4}}, {'time': {'secs': 0, 'nanos': 30159407}, 'statistics': {'Evaluated': 306, 'BankSize': 50, 'FoundContextCount': 2, 'MaxMutatingOpcodes': 2, 'MaxDepth': 3, 'MaxSize': 7}}]",['tree.right.unlink_leaf()'],1,1
leetcode-arraypermutation,0.107995,"ans.sort((a, b)=>a - b).concat(nums[n])",,0,tasks/benchmarks/fromSobeq/may/sobeq-new/leetcode-arraypermutation.sy,https://leetcode.com/problems/build-array-from-permutation/,Primitive Objects,With Side Effects,881,29.097984 MB,15752,5251,38,2,3,9,"[' ', '']","[0, 1]","[{'time': {'secs': 0, 'nanos': 645393}, 'statistics': {'Evaluated': 7, 'BankSize': 7, 'FoundContextCount': 5, 'MaxMutatingOpcodes': 0, 'MaxDepth': 1, 'MaxSize': 1}}, {'time': {'secs': 0, 'nanos': 61258370}, 'statistics': {'Evaluated': 797, 'BankSize': 112, 'FoundContextCount': 33, 'MaxMutatingOpcodes': 1, 'MaxDepth': 2, 'MaxSize': 4}}, {'time': {'secs': 0, 'nanos': 45620589}, 'statistics': {'Evaluated': 14955, 'BankSize': 5139, 'FoundContextCount': 5, 'MaxMutatingOpcodes': 2, 'MaxDepth': 3, 'MaxSize': 9}}]","['ans.append(nums[n]); ans', 'ans.concat(nums.splice(n,1))']",4,3
extract-nth-word-from-text-stringmodified,0.108424,"_arg_0.split("" "")[--_arg_1]",,1,tasks/benchmarks/fromSobeq/may/probe/extract-nth-word-from-text-stringmodified.sy,https=//exceljet.net/formula/extract-nth-word-from-text-string,Primitive,Without Side Effects,880,28.028928 MB,39931,2543,10,1,3,9,"[' ', '']","[0, 1]","[{'time': {'secs': 0, 'nanos': 501952}, 'statistics': {'Evaluated': 6, 'BankSize': 6, 'FoundContextCount': 4, 'MaxMutatingOpcodes': 0, 'MaxDepth': 1, 'MaxSize': 1}}, {'time': {'secs': 0, 'nanos': 50859351}, 'statistics': {'Evaluated': 519, 'BankSize': 58, 'FoundContextCount': 6, 'MaxMutatingOpcodes': 1, 'MaxDepth': 2, 'MaxSize': 4}}, {'time': {'secs': 0, 'nanos': 56822619}, 'statistics': {'Evaluated': 39412, 'BankSize': 2485, 'FoundContextCount': 4, 'MaxMutatingOpcodes': 1, 'MaxDepth': 3, 'MaxSize': 9}}]","[""_arg_0.split(' ')[_arg_1 - 1]""]",3,2
leetcode-arraypermutations-mut,0.118535,"ans.sort((a, b)=>a - b).concat(nums[n])",,0,tasks/benchmarks/fromSobeq/may/sobeq-new/leetcode-arraypermutations-mut.sy,https://leetcode.com/problems/build-array-from-permutation/,Primitive Objects,With Side Effects,881,29.097984 MB,19712,6760,36,3,3,9,"[' ', '']","[0, 1]","[{'time': {'secs': 0, 'nanos': 566703}, 'statistics': {'Evaluated': 7, 'BankSize': 7, 'FoundContextCount': 5, 'MaxMutatingOpcodes': 0, 'MaxDepth': 1, 'MaxSize': 1}}, {'time': {'secs': 0, 'nanos': 54632078}, 'statistics': {'Evaluated': 787, 'BankSize': 108, 'FoundContextCount': 31, 'MaxMutatingOpcodes': 1, 'MaxDepth': 2, 'MaxSize': 4}}, {'time': {'secs': 0, 'nanos': 62859222}, 'statistics': {'Evaluated': 18925, 'BankSize': 6652, 'FoundContextCount': 5, 'MaxMutatingOpcodes': 3, 'MaxDepth': 3, 'MaxSize': 9}}]","['ans.push(nums[n]); ans', 'ans.concat(nums.splice(n,1))']",4,3
set_subtree,0.119143,"tree1.right = tree2, tree2.inc_value()",,2,tasks/benchmarks/new_ruse/simple/set_subtree.sy,,Full OOP,With Side Effects,1180,36.74112 MB,1888,262,14,1,3,9,"[' ', '']","[0, 1]","[{'time': {'secs': 0, 'nanos': 3574877}, 'statistics': {'Evaluated': 6, 'BankSize': 6, 'FoundContextCount': 4, 'MaxMutatingOpcodes': 0, 'MaxDepth': 1, 'MaxSize': 1}}, {'time': {'secs': 0, 'nanos': 81379773}, 'statistics': {'Evaluated': 432, 'BankSize': 50, 'FoundContextCount': 10, 'MaxMutatingOpcodes': 1, 'MaxDepth': 2, 'MaxSize': 4}}, {'time': {'secs': 0, 'nanos': 33992804}, 'statistics': {'Evaluated': 1456, 'BankSize': 212, 'FoundContextCount': 4, 'MaxMutatingOpcodes': 1, 'MaxDepth': 3, 'MaxSize': 9}}]","['tree1.right = tree2; tree2.inc_value()', 'tree2.inc_value(); tree1.right = tree2;']",1,2
rotate_queue,0.161432,inp.push(inp.shift()),,2,tasks/benchmarks/fromSobeq/must/LooPy/rotate_queue.sy,https://github.com/KasraF/SnippySynthesizer/blob/loopy/src/test/resources/frangel_control/rotate_queue.examples.json,Primitive Objects,With Side Effects,880,29.036544 MB,47903,3456,17,2,3,12,"[' ', '']","[0, 1]","[{'time': {'secs': 0, 'nanos': 1549792}, 'statistics': {'Evaluated': 6, 'BankSize': 6, 'FoundContextCount': 4, 'MaxMutatingOpcodes': 0, 'MaxDepth': 1, 'MaxSize': 1}}, {'time': {'secs': 0, 'nanos': 53248791}, 'statistics': {'Evaluated': 517, 'BankSize': 69, 'FoundContextCount': 13, 'MaxMutatingOpcodes': 1, 'MaxDepth': 2, 'MaxSize': 4}}, {'time': {'secs': 0, 'nanos': 106242135}, 'statistics': {'Evaluated': 47386, 'BankSize': 3387, 'FoundContextCount': 4, 'MaxMutatingOpcodes': 2, 'MaxDepth': 3, 'MaxSize': 12}}]",['inp.push(inp.shift())'],4,2
get_range_loopy_for,0.167397,"out.sort((a, b)=>a - b).push(i + start)",,1,tasks/benchmarks/fromSobeq/must/LooPy/get_range_loopy_for.sy,https://github.com/KasraF/SnippySynthesizer/blob/loopy/src/test/resources/frangel_control/get_range_loopy.examples.json,Primitive Objects,With Side Effects,882,31.195136 MB,42625,12336,29,2,3,9,"[' ', '']","[0, 1]","[{'time': {'secs': 0, 'nanos': 1307579}, 'statistics': {'Evaluated': 8, 'BankSize': 8, 'FoundContextCount': 6, 'MaxMutatingOpcodes': 0, 'MaxDepth': 1, 'MaxSize': 1}}, {'time': {'secs': 0, 'nanos': 63220009}, 'statistics': {'Evaluated': 1153, 'BankSize': 100, 'FoundContextCount': 23, 'MaxMutatingOpcodes': 1, 'MaxDepth': 2, 'MaxSize': 4}}, {'time': {'secs': 0, 'nanos': 102381719}, 'statistics': {'Evaluated': 41472, 'BankSize': 12236, 'FoundContextCount': 6, 'MaxMutatingOpcodes': 2, 'MaxDepth': 3, 'MaxSize': 9}}]",['out.push(start + i)'],5,4
sypet_08_predict,0.224343,(new LinearRegression(data)).predict(value),,0,tasks/benchmarks/fromFrangel/sypet/sypet_08_predict.sy,https://github.com/kensens/FrAngel/blob/master/src/frangel/benchmarks/sypet/SyPet_08_predict.java,Full OOP,Without Side Effects,3717,38.670336 MB,41934,1721,8,1,3,11,"[' ', '']","[0, 1]","[{'time': {'secs': 0, 'nanos': 595707}, 'statistics': {'Evaluated': 6, 'BankSize': 6, 'FoundContextCount': 4, 'MaxMutatingOpcodes': 0, 'MaxDepth': 1, 'MaxSize': 1}}, {'time': {'secs': 0, 'nanos': 91343960}, 'statistics': {'Evaluated': 349, 'BankSize': 43, 'FoundContextCount': 4, 'MaxMutatingOpcodes': 1, 'MaxDepth': 2, 'MaxSize': 4}}, {'time': {'secs': 0, 'nanos': 132170648}, 'statistics': {'Evaluated': 41585, 'BankSize': 1678, 'FoundContextCount': 4, 'MaxMutatingOpcodes': 1, 'MaxDepth': 3, 'MaxSize': 11}}]",['linear_regression(data).predict(value)'],2,2
extract-text-between-parenthesesmodified,0.238481,"_arg_0.slice(1).slice(_arg_0.indexOf(""<""), -1)",,0,tasks/benchmarks/fromSobeq/may/probe/extract-text-between-parenthesesmodified.sy,https=//exceljet.net/formula/extract-text-between-parentheses,Primitive,Without Side Effects,881,28.028928 MB,99329,5759,6,1,3,11,"['>', ' ', '<', '']","[0, 1]","[{'time': {'secs': 0, 'nanos': 668208}, 'statistics': {'Evaluated': 7, 'BankSize': 7, 'FoundContextCount': 2, 'MaxMutatingOpcodes': 0, 'MaxDepth': 1, 'MaxSize': 1}}, {'time': {'secs': 0, 'nanos': 53078112}, 'statistics': {'Evaluated': 783, 'BankSize': 89, 'FoundContextCount': 4, 'MaxMutatingOpcodes': 1, 'MaxDepth': 2, 'MaxSize': 4}}, {'time': {'secs': 0, 'nanos': 184321404}, 'statistics': {'Evaluated': 98546, 'BankSize': 5670, 'FoundContextCount': 2, 'MaxMutatingOpcodes': 1, 'MaxDepth': 3, 'MaxSize': 11}}]","[""_arg_0.slice(1).slice(_arg_0.indexOf('<'), -1)"", ""(_arg_0.split(' ').slice(-1)[0]).replaceAll('<', '').replaceAll('>', '')""]",3,1
IsAllPositive,0.252949,"arr.sort((a, b)=>a - b)[0] > (1 / (1 + 1))",,1,tasks/benchmarks/fromSobeq/may/FrAngel/IsAllPositive.sy,https://github.com/kensens/FrAngel/blob/master/src/frangel/benchmarks/controlstructures/IsAllPositive.java,Primitive Objects,With Side Effects,879,29.093888 MB,57574,8285,140,3,4,15,"[' ', '']","[0, 1]","[{'time': {'secs': 0, 'nanos': 531868}, 'statistics': {'Evaluated': 5, 'BankSize': 5, 'FoundContextCount': 2, 'MaxMutatingOpcodes': 0, 'MaxDepth': 1, 'MaxSize': 1}}, {'time': {'secs': 0, 'nanos': 51446967}, 'statistics': {'Evaluated': 320, 'BankSize': 41, 'FoundContextCount': 9, 'MaxMutatingOpcodes': 1, 'MaxDepth': 2, 'MaxSize': 4}}, {'time': {'secs': 0, 'nanos': 165040595}, 'statistics': {'Evaluated': 46790, 'BankSize': 2989, 'FoundContextCount': 131, 'MaxMutatingOpcodes': 2, 'MaxDepth': 3, 'MaxSize': 12}}, {'time': {'secs': 0, 'nanos': 35346473}, 'statistics': {'Evaluated': 10784, 'BankSize': 5296, 'FoundContextCount': 9, 'MaxMutatingOpcodes': 3, 'MaxDepth': 4, 'MaxSize': 15}}]","['0 < arr.sort((a, b)=>a - b).shift()', '0 < arr.sort((a, b)=>a - b)[0]']",3,1
FirstAndLast,0.257205,"names.splice(1, 1).length, names.join("" "")",,1,tasks/benchmarks/fromSobeq/may/sobeq-new/FirstAndLast.sy,https://github.com/peleghila/sobeq/blob/main/benchmarks/may/sobeq-new/FirstAndLast.sy,Primitive Objects,With Side Effects,879,29.04064 MB,76811,12665,87,3,4,15,"[' ', '']","[0, 1]","[{'time': {'secs': 0, 'nanos': 482565}, 'statistics': {'Evaluated': 5, 'BankSize': 5, 'FoundContextCount': 2, 'MaxMutatingOpcodes': 0, 'MaxDepth': 1, 'MaxSize': 1}}, {'time': {'secs': 0, 'nanos': 50659392}, 'statistics': {'Evaluated': 320, 'BankSize': 42, 'FoundContextCount': 9, 'MaxMutatingOpcodes': 1, 'MaxDepth': 2, 'MaxSize': 4}}, {'time': {'secs': 0, 'nanos': 125469222}, 'statistics': {'Evaluated': 50698, 'BankSize': 2463, 'FoundContextCount': 78, 'MaxMutatingOpcodes': 2, 'MaxDepth': 3, 'MaxSize': 12}}, {'time': {'secs': 0, 'nanos': 80034587}, 'statistics': {'Evaluated': 26113, 'BankSize': 10202, 'FoundContextCount': 9, 'MaxMutatingOpcodes': 3, 'MaxDepth': 4, 'MaxSize': 15}}]","[""names.shift() + ' ' + names.pop()"", ""(names.shift() + ' ') + names.pop()"", ""names[0] + ' ' + names[names.length - 1]"", ""((names.splice(1,1), 0), names.join(' '))""]",3,1
sypet_07_getOuterProduct,0.276019,vec1.transpose().mmul(vec2.clone()),,0,tasks/benchmarks/fromFrangel/sypet/sypet_07_getOuterProduct.sy,https://github.com/kensens/FrAngel/blob/master/src/frangel/benchmarks/sypet/SyPet_07_getOuterProduct.java,Full OOP,Without Side Effects,2503,38.752256 MB,9293,2026,9,1,3,10,"[' ', '']","[0, 1]","[{'time': {'secs': 0, 'nanos': 29208554}, 'statistics': {'Evaluated': 9, 'BankSize': 9, 'FoundContextCount': 4, 'MaxMutatingOpcodes': 0, 'MaxDepth': 1, 'MaxSize': 1}}, {'time': {'secs': 0, 'nanos': 157273268}, 'statistics': {'Evaluated': 1166, 'BankSize': 58, 'FoundContextCount': 5, 'MaxMutatingOpcodes': 1, 'MaxDepth': 2, 'MaxSize': 5}}, {'time': {'secs': 0, 'nanos': 89286247}, 'statistics': {'Evaluated': 8127, 'BankSize': 1968, 'FoundContextCount': 4, 'MaxMutatingOpcodes': 1, 'MaxDepth': 3, 'MaxSize': 10}}]",['vec1.transpose().mmul(vec2)'],1,2
leetcode-setdelete,0.280545,s2.delete(nums[i]),,1,tasks/benchmarks/fromSobeq/must/sobeq-new/leetcode-setdelete.sy,https://leetcode.com/problems/find-the-difference-of-two-arrays/solutions/4245879/solution-with-javascript-using-set-beats-95/?source=post_page-----5913b3410828--------------------------------,Primitive Objects,With Side Effects,881,28.672 MB,100314,6472,29,3,3,9,"[' ', '']","[0, 1]","[{'time': {'secs': 0, 'nanos': 1383969}, 'statistics': {'Evaluated': 7, 'BankSize': 7, 'FoundContextCount': 5, 'MaxMutatingOpcodes': 0, 'MaxDepth': 1, 'MaxSize': 1}}, {'time': {'secs': 0, 'nanos': 57629150}, 'statistics': {'Evaluated': 717, 'BankSize': 87, 'FoundContextCount': 24, 'MaxMutatingOpcodes': 1, 'MaxDepth': 2, 'MaxSize': 4}}, {'time': {'secs': 0, 'nanos': 221134073}, 'statistics': {'Evaluated': 99597, 'BankSize': 6385, 'FoundContextCount': 5, 'MaxMutatingOpcodes': 3, 'MaxDepth': 3, 'MaxSize': 9}}]",['s2.delete(nums[i])'],3,3
IsIncreasing,0.295771,arr[1 + 1] === (arr.shift() + 1),,1,tasks/benchmarks/fromSobeq/may/FrAngel/IsIncreasing.sy,https://github.com/kensens/FrAngel/blob/master/src/frangel/benchmarks/controlstructures/IsIncreasing.java,Primitive Objects,With Side Effects,879,29.097984 MB,76707,15796,144,3,4,14,"[' ', '']","[0, 1]","[{'time': {'secs': 0, 'nanos': 674356}, 'statistics': {'Evaluated': 5, 'BankSize': 5, 'FoundContextCount': 2, 'MaxMutatingOpcodes': 0, 'MaxDepth': 1, 'MaxSize': 1}}, {'time': {'secs': 0, 'nanos': 51856746}, 'statistics': {'Evaluated': 320, 'BankSize': 42, 'FoundContextCount': 9, 'MaxMutatingOpcodes': 1, 'MaxDepth': 2, 'MaxSize': 4}}, {'time': {'secs': 0, 'nanos': 166081939}, 'statistics': {'Evaluated': 50870, 'BankSize': 3199, 'FoundContextCount': 135, 'MaxMutatingOpcodes': 2, 'MaxDepth': 3, 'MaxSize': 12}}, {'time': {'secs': 0, 'nanos': 76524301}, 'statistics': {'Evaluated': 25837, 'BankSize': 12597, 'FoundContextCount': 9, 'MaxMutatingOpcodes': 3, 'MaxDepth': 4, 'MaxSize': 14}}]","[""arr.join('') === arr.sort((a, b)=>a - b).join('')"", ""arr.join(',') === arr.sort((a, b)=>a - b).join(',')""]",3,1
sypet_01_invert,0.309199,(new SingularValueDecomposition(mat)).inverse(),,0,tasks/benchmarks/fromFrangel/sypet/sypet_01_invert.sy,https://github.com/kensens/FrAngel/blob/master/src/frangel/benchmarks/sypet/SyPet_01_invert.java,Full OOP,Without Side Effects,2504,39.415808 MB,22868,2505,9,1,3,13,"[' ', '']","[0, 1]","[{'time': {'secs': 0, 'nanos': 28617151}, 'statistics': {'Evaluated': 8, 'BankSize': 8, 'FoundContextCount': 2, 'MaxMutatingOpcodes': 0, 'MaxDepth': 1, 'MaxSize': 1}}, {'time': {'secs': 0, 'nanos': 141605117}, 'statistics': {'Evaluated': 918, 'BankSize': 56, 'FoundContextCount': 7, 'MaxMutatingOpcodes': 1, 'MaxDepth': 2, 'MaxSize': 5}}, {'time': {'secs': 0, 'nanos': 138735534}, 'statistics': {'Evaluated': 21950, 'BankSize': 2449, 'FoundContextCount': 2, 'MaxMutatingOpcodes': 1, 'MaxDepth': 3, 'MaxSize': 13}}]",['(new SingularValueDecomposition(mat)).inverse()'],1,1
MaxAndMin,0.366099,"arr.sort((a, b)=>a - b).at(-1) + arr.shift()",,2,tasks/benchmarks/fromSobeq/may/LooPy/MaxAndMin.sy,LooPy,Primitive Objects,With Side Effects,879,29.097984 MB,68546,11631,141,3,4,15,"[' ', '']","[0, 1]","[{'time': {'secs': 0, 'nanos': 567566}, 'statistics': {'Evaluated': 5, 'BankSize': 5, 'FoundContextCount': 2, 'MaxMutatingOpcodes': 0, 'MaxDepth': 1, 'MaxSize': 1}}, {'time': {'secs': 0, 'nanos': 156411615}, 'statistics': {'Evaluated': 320, 'BankSize': 42, 'FoundContextCount': 9, 'MaxMutatingOpcodes': 1, 'MaxDepth': 2, 'MaxSize': 4}}, {'time': {'secs': 0, 'nanos': 163577524}, 'statistics': {'Evaluated': 51209, 'BankSize': 2911, 'FoundContextCount': 132, 'MaxMutatingOpcodes': 2, 'MaxDepth': 3, 'MaxSize': 12}}, {'time': {'secs': 0, 'nanos': 44375920}, 'statistics': {'Evaluated': 17337, 'BankSize': 8720, 'FoundContextCount': 9, 'MaxMutatingOpcodes': 3, 'MaxDepth': 4, 'MaxSize': 15}}]","['arr.sort((a, b)=>a - b[0] + arr.reverse()[0]', 'arr.sort((a, b)=>a - b[0] + arr.pop()']",2,1
extract-word-that-begins-with-specific-charactermodified,0.40528,"_arg_0.split("" "").sort().shift()",,0,tasks/benchmarks/fromSobeq/may/probe/extract-word-that-begins-with-specific-charactermodified.sy,https=//exceljet.net/formula/extract-word-that-begins-with-specific-character,Primitive,Without Side Effects,880,28.028928 MB,203531,7855,30,1,4,13,"[' ', '_', '']","[0, 1]","[{'time': {'secs': 0, 'nanos': 681545}, 'statistics': {'Evaluated': 6, 'BankSize': 6, 'FoundContextCount': 2, 'MaxMutatingOpcodes': 0, 'MaxDepth': 1, 'MaxSize': 1}}, {'time': {'secs': 0, 'nanos': 49581485}, 'statistics': {'Evaluated': 512, 'BankSize': 58, 'FoundContextCount': 3, 'MaxMutatingOpcodes': 1, 'MaxDepth': 2, 'MaxSize': 4}}, {'time': {'secs': 0, 'nanos': 343343362}, 'statistics': {'Evaluated': 199457, 'BankSize': 6230, 'FoundContextCount': 27, 'MaxMutatingOpcodes': 1, 'MaxDepth': 3, 'MaxSize': 13}}, {'time': {'secs': 0, 'nanos': 11202984}, 'statistics': {'Evaluated': 4074, 'BankSize': 1625, 'FoundContextCount': 3, 'MaxMutatingOpcodes': 1, 'MaxDepth': 4, 'MaxSize': 13}}]","[""'_' + _arg_0.split('_')[1].split(' ')[0]""]",3,1
38871714modified,0.425578,"_arg_0.replaceAll(""<"", "">"").replaceAll("">"", """")",,0,tasks/benchmarks/fromSobeq/may/probe/38871714modified.sy,https=//stackoverflow.com/questions/38871714/excel-vba-how-to-remove-substrings-from-a-cell,Primitive,Without Side Effects,881,29.036544 MB,233098,9104,6,1,3,13,"['>', ' ', '<', '']","[0, 1]","[{'time': {'secs': 0, 'nanos': 405571}, 'statistics': {'Evaluated': 7, 'BankSize': 7, 'FoundContextCount': 2, 'MaxMutatingOpcodes': 0, 'MaxDepth': 1, 'MaxSize': 1}}, {'time': {'secs': 0, 'nanos': 54797255}, 'statistics': {'Evaluated': 783, 'BankSize': 72, 'FoundContextCount': 4, 'MaxMutatingOpcodes': 1, 'MaxDepth': 2, 'MaxSize': 4}}, {'time': {'secs': 0, 'nanos': 369931242}, 'statistics': {'Evaluated': 232315, 'BankSize': 9032, 'FoundContextCount': 2, 'MaxMutatingOpcodes': 1, 'MaxDepth': 3, 'MaxSize': 13}}]","[""_arg_0.replaceAll('<', '').replaceAll('>', '')"", ""_arg_0.replaceAll('>', '').replaceAll('<', '')""]",2,1
MaxAndMinWithN,0.630772,"arr.sort((a, b)=>a - b).at(-1) + arr[0]",,1,tasks/benchmarks/fromSobeq/must/sobeq-new/MaxAndMinWithN.sy,https://github.com/peleghila/sobeq/blob/main/benchmarks/must/sobeq-new/MaxAndMinWithN.sy,Primitive Objects,With Side Effects,880,28.672 MB,263334,27715,624,3,4,15,"[' ', '']","[0, 1]","[{'time': {'secs': 0, 'nanos': 606773}, 'statistics': {'Evaluated': 6, 'BankSize': 6, 'FoundContextCount': 4, 'MaxMutatingOpcodes': 0, 'MaxDepth': 1, 'MaxSize': 1}}, {'time': {'secs': 0, 'nanos': 46774167}, 'statistics': {'Evaluated': 545, 'BankSize': 67, 'FoundContextCount': 17, 'MaxMutatingOpcodes': 1, 'MaxDepth': 2, 'MaxSize': 4}}, {'time': {'secs': 0, 'nanos': 499581978}, 'statistics': {'Evaluated': 232743, 'BankSize': 11859, 'FoundContextCount': 607, 'MaxMutatingOpcodes': 3, 'MaxDepth': 3, 'MaxSize': 12}}, {'time': {'secs': 0, 'nanos': 83149620}, 'statistics': {'Evaluated': 30591, 'BankSize': 15856, 'FoundContextCount': 17, 'MaxMutatingOpcodes': 3, 'MaxDepth': 4, 'MaxSize': 15}}]","['arr.sort((a, b)=>a - b)[0] + arr.reverse()[0]', 'arr.sort((a, b)=>a - b)[0] + arr.pop()']",2,2
inc_tree_values,0.773115,"tree2.inc_value(), tree1.inc_value(), tree3.inc_value()",,3,tasks/benchmarks/new_ruse/relations/inc_tree_values.sy,,Full OOP,With Side Effects,1181,36.732928 MB,121679,13612,27,1,3,12,"[' ', '']","[0, 1]","[{'time': {'secs': 0, 'nanos': 3638986}, 'statistics': {'Evaluated': 7, 'BankSize': 7, 'FoundContextCount': 5, 'MaxMutatingOpcodes': 0, 'MaxDepth': 1, 'MaxSize': 1}}, {'time': {'secs': 0, 'nanos': 98585917}, 'statistics': {'Evaluated': 667, 'BankSize': 79, 'FoundContextCount': 22, 'MaxMutatingOpcodes': 1, 'MaxDepth': 2, 'MaxSize': 4}}, {'time': {'secs': 0, 'nanos': 670496087}, 'statistics': {'Evaluated': 121012, 'BankSize': 13533, 'FoundContextCount': 5, 'MaxMutatingOpcodes': 1, 'MaxDepth': 3, 'MaxSize': 12}}]",['tree1.inc_value(); tree2.inc_value(); tree3.inc_value()'],1,3
get-middle-name-from-full-namemodified,0.777966,"_arg_0.slice(_arg_0.indexOf("" ""), _arg_0.lastIndexOf("" "")).slice(1)",,0,tasks/benchmarks/fromSobeq/may/probe/get-middle-name-from-full-namemodified.sy,https=//exceljet.net/formula/get-middle-name-from-full-name,Primitive,Without Side Effects,879,29.097984 MB,379268,61311,16,1,4,21,"[' ', '']","[0, 1]","[{'time': {'secs': 0, 'nanos': 636348}, 'statistics': {'Evaluated': 5, 'BankSize': 5, 'FoundContextCount': 2, 'MaxMutatingOpcodes': 0, 'MaxDepth': 1, 'MaxSize': 1}}, {'time': {'secs': 0, 'nanos': 50950004}, 'statistics': {'Evaluated': 315, 'BankSize': 34, 'FoundContextCount': 2, 'MaxMutatingOpcodes': 1, 'MaxDepth': 2, 'MaxSize': 4}}, {'time': {'secs': 0, 'nanos': 98564412}, 'statistics': {'Evaluated': 54341, 'BankSize': 2059, 'FoundContextCount': 14, 'MaxMutatingOpcodes': 1, 'MaxDepth': 3, 'MaxSize': 13}}, {'time': {'secs': 0, 'nanos': 627140494}, 'statistics': {'Evaluated': 324927, 'BankSize': 59252, 'FoundContextCount': 2, 'MaxMutatingOpcodes': 1, 'MaxDepth': 4, 'MaxSize': 21}}]","[""_arg_0.slice(_arg_0.indexOf(' '),_arg_0.lastIndexOf(' ')).trim()"", ""(_arg_0.split(' ').slice(1,_arg_0.split(' ').length - 1)).join(' ')""]",3,1
sypet_10_scale,0.87116,"TransformArea(rect.Expand(1), AffineTransform.getScaleTransform(scaleX, scaleY))",,0,tasks/benchmarks/fromFrangel/sypet/sypet_10_scale.sy,https://github.com/kensens/FrAngel/blob/master/src/frangel/benchmarks/sypet/SyPet_10_scale.java,Full OOP,Without Side Effects,2014,36.634624 MB,111241,19910,17,2,3,9,"[' ', '']","[0, 1]","[{'time': {'secs': 0, 'nanos': 11070790}, 'statistics': {'Evaluated': 15, 'BankSize': 13, 'FoundContextCount': 5, 'MaxMutatingOpcodes': 0, 'MaxDepth': 1, 'MaxSize': 1}}, {'time': {'secs': 0, 'nanos': 191503049}, 'statistics': {'Evaluated': 4005, 'BankSize': 670, 'FoundContextCount': 12, 'MaxMutatingOpcodes': 1, 'MaxDepth': 2, 'MaxSize': 5}}, {'time': {'secs': 0, 'nanos': 668101399}, 'statistics': {'Evaluated': 107236, 'BankSize': 19240, 'FoundContextCount': 5, 'MaxMutatingOpcodes': 2, 'MaxDepth': 3, 'MaxSize': 9}}]","['TransformRect(rect, AffineTransform.getScaleTransform(scaleX, scaleY))']",1,3
binary_search_tree_delete_two_children,0.882207,node_to_delete.right.min_node().swap(node_to_delete).unlink_leaf(),,2,tasks/benchmarks/new_ruse/binary_search_tree/binary_search_tree_delete_two_children.sy,,Full OOP,With Side Effects,16,34.254848 MB,25572,16398,658,3,5,11,"[' ', '']","[0, 1]","[{'time': {'secs': 0, 'nanos': 6407807}, 'statistics': {'Evaluated': 6, 'BankSize': 6, 'FoundContextCount': 2, 'MaxMutatingOpcodes': 0, 'MaxDepth': 1, 'MaxSize': 1}}, {'time': {'secs': 0, 'nanos': 39765293}, 'statistics': {'Evaluated': 30, 'BankSize': 21, 'FoundContextCount': 1, 'MaxMutatingOpcodes': 1, 'MaxDepth': 2, 'MaxSize': 3}}, {'time': {'secs': 0, 'nanos': 73164339}, 'statistics': {'Evaluated': 556, 'BankSize': 249, 'FoundContextCount': 43, 'MaxMutatingOpcodes': 2, 'MaxDepth': 3, 'MaxSize': 7}}, {'time': {'secs': 0, 'nanos': 559014893}, 'statistics': {'Evaluated': 7780, 'BankSize': 3951, 'FoundContextCount': 615, 'MaxMutatingOpcodes': 3, 'MaxDepth': 4, 'MaxSize': 10}}, {'time': {'secs': 0, 'nanos': 202782767}, 'statistics': {'Evaluated': 17792, 'BankSize': 12447, 'FoundContextCount': 43, 'MaxMutatingOpcodes': 3, 'MaxDepth': 5, 'MaxSize': 11}}]",['node_to_delete.right.min_node().swap(node_to_delete).unlink_leaf()'],3,2
user_names_connected,0.909861,"a.name.slice(0) + ("", "" + b.name)",,0,tasks/benchmarks/new_ruse/relations/user_names_connected.sy,,Full OOP,Without Side Effects,1527,32.575488 MB,182217,16984,66,1,4,24,"[' ', ', ', '']","[0, 1]","[{'time': {'secs': 0, 'nanos': 1416858}, 'statistics': {'Evaluated': 8, 'BankSize': 8, 'FoundContextCount': 2, 'MaxMutatingOpcodes': 0, 'MaxDepth': 1, 'MaxSize': 1}}, {'time': {'secs': 0, 'nanos': 88221056}, 'statistics': {'Evaluated': 744, 'BankSize': 34, 'FoundContextCount': 0, 'MaxMutatingOpcodes': 0, 'MaxDepth': 2, 'MaxSize': 4}}, {'time': {'secs': 0, 'nanos': 607973385}, 'statistics': {'Evaluated': 74180, 'BankSize': 2207, 'FoundContextCount': 66, 'MaxMutatingOpcodes': 1, 'MaxDepth': 3, 'MaxSize': 13}}, {'time': {'secs': 0, 'nanos': 211801522}, 'statistics': {'Evaluated': 108037, 'BankSize': 14777, 'FoundContextCount': 0, 'MaxMutatingOpcodes': 1, 'MaxDepth': 4, 'MaxSize': 24}}]","['a.name + "", "" + b.name']",2,3
sypet_09_eigenvalue,1.124694,(new EigenvalueDecomposition(mat)).getEigenvalue(index),,0,tasks/benchmarks/fromFrangel/sypet/sypet_09_eigenvalue.sy,https://github.com/kensens/FrAngel/blob/master/src/frangel/benchmarks/sypet/SyPet_09_eigenvalue.java,Full OOP,Without Side Effects,1552,562.31936 MB,125394,5967,51,2,3,13,"[' ', '']","[0, 1]","[{'time': {'secs': 0, 'nanos': 1422671}, 'statistics': {'Evaluated': 6, 'BankSize': 6, 'FoundContextCount': 4, 'MaxMutatingOpcodes': 0, 'MaxDepth': 1, 'MaxSize': 1}}, {'time': {'secs': 0, 'nanos': 93056723}, 'statistics': {'Evaluated': 688, 'BankSize': 108, 'FoundContextCount': 47, 'MaxMutatingOpcodes': 1, 'MaxDepth': 2, 'MaxSize': 5}}, {'time': {'secs': 1, 'nanos': 29750601}, 'statistics': {'Evaluated': 124706, 'BankSize': 5859, 'FoundContextCount': 4, 'MaxMutatingOpcodes': 2, 'MaxDepth': 3, 'MaxSize': 13}}]",['new EigenvalueDecomposition(mat).getEigenvalue(index)'],2,2
43606446modified,1.202874,"_arg_0.replaceAll("">"", ""<"").replaceAll(""<"", """").slice((-1) - (1 + 1))",,0,tasks/benchmarks/fromSobeq/may/probe/43606446modified.sy,https=//stackoverflow.com/questions/43606446/extract-substring-from-this-string-inside-excel-cell/43606527%43606527,Primitive,Without Side Effects,881,371.392512 MB,1065826,52056,48,1,4,19,"['>', ' ', '<', '']","[0, 1]","[{'time': {'secs': 0, 'nanos': 418075}, 'statistics': {'Evaluated': 7, 'BankSize': 7, 'FoundContextCount': 2, 'MaxMutatingOpcodes': 0, 'MaxDepth': 1, 'MaxSize': 1}}, {'time': {'secs': 0, 'nanos': 51226923}, 'statistics': {'Evaluated': 783, 'BankSize': 74, 'FoundContextCount': 4, 'MaxMutatingOpcodes': 1, 'MaxDepth': 2, 'MaxSize': 4}}, {'time': {'secs': 0, 'nanos': 554069972}, 'statistics': {'Evaluated': 552508, 'BankSize': 14113, 'FoundContextCount': 44, 'MaxMutatingOpcodes': 1, 'MaxDepth': 3, 'MaxSize': 13}}, {'time': {'secs': 0, 'nanos': 596589596}, 'statistics': {'Evaluated': 513318, 'BankSize': 37943, 'FoundContextCount': 4, 'MaxMutatingOpcodes': 1, 'MaxDepth': 4, 'MaxSize': 19}}]","[""_arg_0.replaceAll('<','').replaceAll('>','').split(',').slice(-1)[0]"", ""_arg_0.replace('>','').slice(-3)"", ""_arg_0.replace('>','').slice(-1 - 2)""]",3,1
user_names_simple,1.299505,"a.name + ("", "" + b.name)",,0,tasks/benchmarks/new_ruse/simple/user_names_simple.sy,,Full OOP,Without Side Effects,1174,1.064738816 GB,450840,96787,76,1,4,27,"[' ', ', ', '']","[0, 1]","[{'time': {'secs': 0, 'nanos': 1564545}, 'statistics': {'Evaluated': 7, 'BankSize': 7, 'FoundContextCount': 4, 'MaxMutatingOpcodes': 0, 'MaxDepth': 1, 'MaxSize': 1}}, {'time': {'secs': 0, 'nanos': 67241017}, 'statistics': {'Evaluated': 560, 'BankSize': 34, 'FoundContextCount': 0, 'MaxMutatingOpcodes': 0, 'MaxDepth': 2, 'MaxSize': 4}}, {'time': {'secs': 0, 'nanos': 339292903}, 'statistics': {'Evaluated': 69483, 'BankSize': 2106, 'FoundContextCount': 76, 'MaxMutatingOpcodes': 1, 'MaxDepth': 3, 'MaxSize': 13}}, {'time': {'secs': 0, 'nanos': 890922579}, 'statistics': {'Evaluated': 381357, 'BankSize': 94681, 'FoundContextCount': 0, 'MaxMutatingOpcodes': 1, 'MaxDepth': 4, 'MaxSize': 27}}]","['a.name + "", "" b.name']",2,2
user_names,1.525601,"a.name + ("", "" + b.name)",,0,tasks/benchmarks/new_ruse/relations/user_names.sy,,Full OOP,Without Side Effects,1527,1.049939968 GB,464557,99846,78,1,4,27,"[' ', ', ', '']","[0, 1]","[{'time': {'secs': 0, 'nanos': 583366}, 'statistics': {'Evaluated': 8, 'BankSize': 8, 'FoundContextCount': 5, 'MaxMutatingOpcodes': 0, 'MaxDepth': 1, 'MaxSize': 1}}, {'time': {'secs': 0, 'nanos': 89739300}, 'statistics': {'Evaluated': 744, 'BankSize': 34, 'FoundContextCount': 0, 'MaxMutatingOpcodes': 0, 'MaxDepth': 2, 'MaxSize': 4}}, {'time': {'secs': 0, 'nanos': 547359649}, 'statistics': {'Evaluated': 74067, 'BankSize': 2107, 'FoundContextCount': 78, 'MaxMutatingOpcodes': 1, 'MaxDepth': 3, 'MaxSize': 13}}, {'time': {'secs': 0, 'nanos': 887415969}, 'statistics': {'Evaluated': 390490, 'BankSize': 97739, 'FoundContextCount': 0, 'MaxMutatingOpcodes': 1, 'MaxDepth': 4, 'MaxSize': 27}}]","['a.name + "", "" + b.name']",2,3
phone-6-long-repeatmodified,1.716913,"_arg_0.slice(_arg_0.indexOf("" ""), _arg_0.indexOf(""-"")).slice(_arg_0.length / _arg_0.lastIndexOf(""-""))",,0,tasks/benchmarks/fromSobeq/may/probe/phone-6-long-repeatmodified.sy,,Primitive,Without Side Effects,880,359.161856 MB,818158,53160,31,1,4,21,"[' ', '-', '']","[0, 1]","[{'time': {'secs': 0, 'nanos': 528267}, 'statistics': {'Evaluated': 6, 'BankSize': 6, 'FoundContextCount': 2, 'MaxMutatingOpcodes': 0, 'MaxDepth': 1, 'MaxSize': 1}}, {'time': {'secs': 0, 'nanos': 54835537}, 'statistics': {'Evaluated': 512, 'BankSize': 60, 'FoundContextCount': 3, 'MaxMutatingOpcodes': 1, 'MaxDepth': 2, 'MaxSize': 4}}, {'time': {'secs': 0, 'nanos': 415595669}, 'statistics': {'Evaluated': 210127, 'BankSize': 7227, 'FoundContextCount': 28, 'MaxMutatingOpcodes': 1, 'MaxDepth': 3, 'MaxSize': 13}}, {'time': {'secs': 1, 'nanos': 245475331}, 'statistics': {'Evaluated': 608031, 'BankSize': 45933, 'FoundContextCount': 3, 'MaxMutatingOpcodes': 1, 'MaxDepth': 4, 'MaxSize': 21}}]","[""_arg_0.slice(_arg_0.indexOf(' '),_arg_0.indexOf('-')).trim()"", ""_arg_0.split(' ')[1].split('-')[0]""]",3,1
fill_fibonacci_loopy_window,2.088359,"out.sort((a, b)=>a - b).push(out[1] + out.shift())",,2,tasks/benchmarks/fromSobeq/must/LooPy/fill_fibonacci_loopy_window.sy,https://github.com/KasraF/SnippySynthesizer/blob/loopy/src/test/resources/frangel_control/fill_fibonacci_loopy.examples.json,Primitive Objects,With Side Effects,879,1.770315776 GB,709196,149016,66,3,4,22,"[' ', '']","[0, 1]","[{'time': {'secs': 0, 'nanos': 508449}, 'statistics': {'Evaluated': 5, 'BankSize': 5, 'FoundContextCount': 2, 'MaxMutatingOpcodes': 0, 'MaxDepth': 1, 'MaxSize': 1}}, {'time': {'secs': 0, 'nanos': 50539390}, 'statistics': {'Evaluated': 305, 'BankSize': 37, 'FoundContextCount': 6, 'MaxMutatingOpcodes': 1, 'MaxDepth': 2, 'MaxSize': 4}}, {'time': {'secs': 0, 'nanos': 156255040}, 'statistics': {'Evaluated': 44110, 'BankSize': 2577, 'FoundContextCount': 60, 'MaxMutatingOpcodes': 2, 'MaxDepth': 3, 'MaxSize': 12}}, {'time': {'secs': 1, 'nanos': 880418873}, 'statistics': {'Evaluated': 665086, 'BankSize': 146439, 'FoundContextCount': 6, 'MaxMutatingOpcodes': 3, 'MaxDepth': 4, 'MaxSize': 22}}]","['out.push(out.splice(0, 1)[0] + out[0])', 'out.push(out[1] + out.shift())']",3,1
user_names_aliasing,3.833452,"(a.name + "", "") + b.name",,0,tasks/benchmarks/new_ruse/relations/user_names_aliasing.sy,,Full OOP,Without Side Effects,1176,2.928910336 GB,1430040,382414,76,1,4,27,"[' ', ', ', '']","[0, 1]","[{'time': {'secs': 0, 'nanos': 1399646}, 'statistics': {'Evaluated': 9, 'BankSize': 7, 'FoundContextCount': 4, 'MaxMutatingOpcodes': 0, 'MaxDepth': 1, 'MaxSize': 1}}, {'time': {'secs': 0, 'nanos': 78536784}, 'statistics': {'Evaluated': 560, 'BankSize': 34, 'FoundContextCount': 0, 'MaxMutatingOpcodes': 0, 'MaxDepth': 2, 'MaxSize': 4}}, {'time': {'secs': 0, 'nanos': 345652777}, 'statistics': {'Evaluated': 69557, 'BankSize': 2110, 'FoundContextCount': 76, 'MaxMutatingOpcodes': 1, 'MaxDepth': 3, 'MaxSize': 13}}, {'time': {'secs': 3, 'nanos': 407468085}, 'statistics': {'Evaluated': 1360483, 'BankSize': 380304, 'FoundContextCount': 0, 'MaxMutatingOpcodes': 1, 'MaxDepth': 4, 'MaxSize': 27}}]","['a.name + "", "" +  b.name', 'a.name + "", "" +  d.name', 'c.name + "", "" +  b.name', 'c.name + "", "" +  d.name']",2,4
ArrayCounter,7.206462,"++count[index], count",,1,tasks/benchmarks/fromSobeq/may/sobeq-new/ArrayCounter.sy,https://github.com/peleghila/sobeq/blob/main/benchmarks/may/sobeq-new/ArrayCounter.sy,Primitive Objects,With Side Effects,880,3.93402368 GB,3410017,858121,525,3,4,23,"[' ', '']","[0, 1]","[{'time': {'secs': 0, 'nanos': 557177}, 'statistics': {'Evaluated': 6, 'BankSize': 6, 'FoundContextCount': 4, 'MaxMutatingOpcodes': 0, 'MaxDepth': 1, 'MaxSize': 1}}, {'time': {'secs': 0, 'nanos': 48565732}, 'statistics': {'Evaluated': 539, 'BankSize': 73, 'FoundContextCount': 16, 'MaxMutatingOpcodes': 1, 'MaxDepth': 2, 'MaxSize': 4}}, {'time': {'secs': 0, 'nanos': 579338511}, 'statistics': {'Evaluated': 275148, 'BankSize': 12461, 'FoundContextCount': 509, 'MaxMutatingOpcodes': 3, 'MaxDepth': 3, 'MaxSize': 13}}, {'time': {'secs': 6, 'nanos': 577475566}, 'statistics': {'Evaluated': 3134869, 'BankSize': 845660, 'FoundContextCount': 16, 'MaxMutatingOpcodes': 3, 'MaxDepth': 4, 'MaxSize': 23}}]","['count[index]++, count', '(count[index]++, count)', 'count.slice(0,index).concat(count[index] + 1).concat(count.slice(index + 1))']",2,2
ArrayCounter-mustmut,8.435311,"++count[index], count",,1,tasks/benchmarks/fromSobeq/must/stateCopies/ArrayCounter-mustmut.sy,https://github.com/peleghila/sobeq/blob/main/benchmarks/must/stateCopies/ArrayCounter-mustmut.sy,Primitive Objects,With Side Effects,880,3.969478656 GB,3428830,869143,525,3,4,21,"[' ', '']","[0, 1]","[{'time': {'secs': 0, 'nanos': 538243}, 'statistics': {'Evaluated': 6, 'BankSize': 6, 'FoundContextCount': 4, 'MaxMutatingOpcodes': 0, 'MaxDepth': 1, 'MaxSize': 1}}, {'time': {'secs': 0, 'nanos': 53882659}, 'statistics': {'Evaluated': 539, 'BankSize': 73, 'FoundContextCount': 16, 'MaxMutatingOpcodes': 1, 'MaxDepth': 2, 'MaxSize': 4}}, {'time': {'secs': 0, 'nanos': 563180176}, 'statistics': {'Evaluated': 275148, 'BankSize': 12461, 'FoundContextCount': 509, 'MaxMutatingOpcodes': 3, 'MaxDepth': 3, 'MaxSize': 13}}, {'time': {'secs': 7, 'nanos': 817158669}, 'statistics': {'Evaluated': 3153682, 'BankSize': 856682, 'FoundContextCount': 16, 'MaxMutatingOpcodes': 3, 'MaxDepth': 4, 'MaxSize': 21}}]",['count[index]++; count'],2,2
17212077modified,8.755868,"_arg_0.split(""/"").shift() + _arg_0.slice(_arg_0.lastIndexOf(""/""))",,0,tasks/benchmarks/fromSobeq/may/probe/17212077modified.sy,https=//stackoverflow.com/questions/17212077/stuck-substring-month-and-year-in-excel,Primitive,Without Side Effects,880,7.91857152 GB,6830847,977696,28,1,4,27,"[' ', '/', '']","[0, 1]","[{'time': {'secs': 0, 'nanos': 475630}, 'statistics': {'Evaluated': 6, 'BankSize': 6, 'FoundContextCount': 2, 'MaxMutatingOpcodes': 0, 'MaxDepth': 1, 'MaxSize': 1}}, {'time': {'secs': 0, 'nanos': 49686298}, 'statistics': {'Evaluated': 512, 'BankSize': 57, 'FoundContextCount': 3, 'MaxMutatingOpcodes': 1, 'MaxDepth': 2, 'MaxSize': 4}}, {'time': {'secs': 0, 'nanos': 182842087}, 'statistics': {'Evaluated': 150104, 'BankSize': 5318, 'FoundContextCount': 25, 'MaxMutatingOpcodes': 1, 'MaxDepth': 3, 'MaxSize': 13}}, {'time': {'secs': 8, 'nanos': 522252429}, 'statistics': {'Evaluated': 6680743, 'BankSize': 972378, 'FoundContextCount': 3, 'MaxMutatingOpcodes': 1, 'MaxDepth': 4, 'MaxSize': 27}}]","[""(_arg_0.split('/')[0]).concat('/'.concat(_arg_0.split('/')[2]))"", ""_arg_0.slice(0,2) + _arg_0.slice(_arg_0.lastIndexOf('/'))""]",3,1
sypet_06_solveLinearMatrixInput,13.030153,"(new Vector2D(vec.columns, vec.trace())).toArray()",,0,tasks/benchmarks/fromFrangel/sypet/sypet_06_solveLinearMatrixInput.sy,https://github.com/kensens/FrAngel/blob/master/src/frangel/benchmarks/sypet/SyPet_06_solveLinear.java,Full OOP,Without Side Effects,2505,898.359296 MB,386603,24438,4,0,4,15,"[' ', '']","[0, 1]","[{'time': {'secs': 0, 'nanos': 28468889}, 'statistics': {'Evaluated': 9, 'BankSize': 9, 'FoundContextCount': 4, 'MaxMutatingOpcodes': 0, 'MaxDepth': 1, 'MaxSize': 1}}, {'time': {'secs': 0, 'nanos': 151581505}, 'statistics': {'Evaluated': 1132, 'BankSize': 57, 'FoundContextCount': 0, 'MaxMutatingOpcodes': 0, 'MaxDepth': 2, 'MaxSize': 5}}, {'time': {'secs': 4, 'nanos': 141744947}, 'statistics': {'Evaluated': 332196, 'BankSize': 6430, 'FoundContextCount': 4, 'MaxMutatingOpcodes': 0, 'MaxDepth': 3, 'MaxSize': 13}}, {'time': {'secs': 8, 'nanos': 707933457}, 'statistics': {'Evaluated': 54407, 'BankSize': 18008, 'FoundContextCount': 0, 'MaxMutatingOpcodes': 0, 'MaxDepth': 4, 'MaxSize': 15}}]",['(new SingularValueDecomposition(mat)).inverse().mmul(vec).transpose()).to1DArray()'],1,2
extract-word-containing-specific-textmodified,13.695355,"_arg_0.split("" "").sort()[_arg_0.length / _arg_0.indexOf(""_"")]",,0,tasks/benchmarks/fromSobeq/may/probe/extract-word-containing-specific-textmodified.sy,https=//exceljet.net/formula/extract-word-containing-specific-text,Primitive,Without Side Effects,880,7.332356096 GB,15385408,1322259,30,1,4,25,"[' ', '_', '']","[0, 1]","[{'time': {'secs': 0, 'nanos': 511296}, 'statistics': {'Evaluated': 6, 'BankSize': 6, 'FoundContextCount': 2, 'MaxMutatingOpcodes': 0, 'MaxDepth': 1, 'MaxSize': 1}}, {'time': {'secs': 0, 'nanos': 50094692}, 'statistics': {'Evaluated': 512, 'BankSize': 57, 'FoundContextCount': 3, 'MaxMutatingOpcodes': 1, 'MaxDepth': 2, 'MaxSize': 4}}, {'time': {'secs': 0, 'nanos': 366197608}, 'statistics': {'Evaluated': 189409, 'BankSize': 5134, 'FoundContextCount': 27, 'MaxMutatingOpcodes': 1, 'MaxDepth': 3, 'MaxSize': 13}}, {'time': {'secs': 13, 'nanos': 277964776}, 'statistics': {'Evaluated': 15195999, 'BankSize': 1317125, 'FoundContextCount': 3, 'MaxMutatingOpcodes': 1, 'MaxDepth': 4, 'MaxSize': 25}}]","[""_arg_0.slice(_arg_0.lastIndexOf(' ',_arg_0.indexOf('_')) + 1).split(' ')[0]""]",2,1
ArraySwap,23.030539,"arr.push(arr.splice(i, 1).pop())",,2,tasks/benchmarks/fromSobeq/must/sobeq-new/ArraySwap.sy,https://github.com/peleghila/sobeq/blob/main/benchmarks/must/sobeq-new/ArraySwap.sy,Primitive Objects,With Side Effects,880,17.319804928 GB,11221980,1792480,595,3,4,27,"[' ', '']","[0, 1]","[{'time': {'secs': 0, 'nanos': 478453}, 'statistics': {'Evaluated': 6, 'BankSize': 6, 'FoundContextCount': 4, 'MaxMutatingOpcodes': 0, 'MaxDepth': 1, 'MaxSize': 1}}, {'time': {'secs': 0, 'nanos': 45101058}, 'statistics': {'Evaluated': 525, 'BankSize': 68, 'FoundContextCount': 15, 'MaxMutatingOpcodes': 1, 'MaxDepth': 2, 'MaxSize': 4}}, {'time': {'secs': 0, 'nanos': 478010678}, 'statistics': {'Evaluated': 220176, 'BankSize': 8940, 'FoundContextCount': 580, 'MaxMutatingOpcodes': 2, 'MaxDepth': 3, 'MaxSize': 13}}, {'time': {'secs': 22, 'nanos': 506361019}, 'statistics': {'Evaluated': 11001804, 'BankSize': 1783540, 'FoundContextCount': 15, 'MaxMutatingOpcodes': 3, 'MaxDepth': 4, 'MaxSize': 27}}]","['arr.push(arr.splice(i, 1)[0])', 'arr.push(arr.splice(i,1)[0])']",2,2
stackoverflow7modified,67.452962,"_arg_0.slice(0, _arg_0.lastIndexOf("" "")) + _arg_0.replaceAll(_arg_1, "" "").slice(_arg_1.length)",,0,tasks/benchmarks/fromSobeq/may/probe/stackoverflow7modified.sy,https=//stackoverflow.com/questions/29935088/how-to-remove-substring-that-is-in-another-column-in-excel,Primitive,Without Side Effects,880,41.065746432 GB,61758541,7582932,107,1,4,27,"[' ', '']","[0, 1]","[{'time': {'secs': 0, 'nanos': 592416}, 'statistics': {'Evaluated': 6, 'BankSize': 6, 'FoundContextCount': 4, 'MaxMutatingOpcodes': 0, 'MaxDepth': 1, 'MaxSize': 1}}, {'time': {'secs': 0, 'nanos': 51766212}, 'statistics': {'Evaluated': 526, 'BankSize': 81, 'FoundContextCount': 8, 'MaxMutatingOpcodes': 1, 'MaxDepth': 2, 'MaxSize': 4}}, {'time': {'secs': 0, 'nanos': 512736805}, 'statistics': {'Evaluated': 291881, 'BankSize': 11568, 'FoundContextCount': 99, 'MaxMutatingOpcodes': 1, 'MaxDepth': 3, 'MaxSize': 13}}, {'time': {'secs': 66, 'nanos': 887180091}, 'statistics': {'Evaluated': 61466660, 'BankSize': 7571364, 'FoundContextCount': 8, 'MaxMutatingOpcodes': 1, 'MaxDepth': 4, 'MaxSize': 27}}]","[""_arg_0.replace(_arg_1, '').trim()"", ""_arg_0.split(_arg_1).join('').trim()""]",2,2
leetcode-arraypermutations-mustmut,68.591652,"ans.push(nums[n]), ans",,1,tasks/benchmarks/fromSobeq/must/stateCopies/leetcode-arraypermutations-mustmut.sy,https://leetcode.com/problems/build-array-from-permutation/,Primitive Objects,With Side Effects,881,63.635738624 GB,22261298,7308285,3493,3,4,19,"[' ', '']","[0, 1]","[{'time': {'secs': 0, 'nanos': 1561175}, 'statistics': {'Evaluated': 7, 'BankSize': 7, 'FoundContextCount': 5, 'MaxMutatingOpcodes': 0, 'MaxDepth': 1, 'MaxSize': 1}}, {'time': {'secs': 0, 'nanos': 55589780}, 'statistics': {'Evaluated': 787, 'BankSize': 108, 'FoundContextCount': 31, 'MaxMutatingOpcodes': 1, 'MaxDepth': 2, 'MaxSize': 4}}, {'time': {'secs': 2, 'nanos': 824193017}, 'statistics': {'Evaluated': 999433, 'BankSize': 42708, 'FoundContextCount': 3462, 'MaxMutatingOpcodes': 3, 'MaxDepth': 3, 'MaxSize': 13}}, {'time': {'secs': 65, 'nanos': 709752978}, 'statistics': {'Evaluated': 21261865, 'BankSize': 7265577, 'FoundContextCount': 31, 'MaxMutatingOpcodes': 3, 'MaxDepth': 4, 'MaxSize': 19}}]",['ans.push(nums[n]); ans'],4,3
leetcode-adddominos,133.842741,"set.add(""-"".replaceAll("""", dom).slice(2, -2))",,1,tasks/benchmarks/fromSobeq/must/sobeq-new/leetcode-adddominos.sy,https://leetcode.com/discuss/interview-question/2042532/on-line-assessment-code-from-one-of-big-tech-companies,Primitive Objects,With Side Effects,882,100.197482496 GB,91465007,16833094,288,3,4,27,"[' ', '-', '']","[0, 1, 2]","[{'time': {'secs': 0, 'nanos': 624798}, 'statistics': {'Evaluated': 8, 'BankSize': 8, 'FoundContextCount': 4, 'MaxMutatingOpcodes': 0, 'MaxDepth': 1, 'MaxSize': 1}}, {'time': {'secs': 0, 'nanos': 50021200}, 'statistics': {'Evaluated': 976, 'BankSize': 71, 'FoundContextCount': 8, 'MaxMutatingOpcodes': 1, 'MaxDepth': 2, 'MaxSize': 4}}, {'time': {'secs': 0, 'nanos': 687112966}, 'statistics': {'Evaluated': 312750, 'BankSize': 7752, 'FoundContextCount': 280, 'MaxMutatingOpcodes': 2, 'MaxDepth': 3, 'MaxSize': 13}}, {'time': {'secs': 133, 'nanos': 104334230}, 'statistics': {'Evaluated': 91152257, 'BankSize': 16825342, 'FoundContextCount': 8, 'MaxMutatingOpcodes': 3, 'MaxDepth': 4, 'MaxSize': 27}}]","[""set.add(dom[2] + '-' + dom[1])""]",2,2
buffer-add,153.249739,"(arr[beg]) = toadd, (--end) * (++beg)",,3,tasks/benchmarks/fromSobeq/must/CodeHint/buffer-add.sy,https://github.com/jgalenson/codehint/blob/master/examples/test.java,Primitive Objects,With Side Effects,882,73.722257408 GB,143142257,31332000,2521,3,4,21,"[' ', '']","[0, 1]","[{'time': {'secs': 0, 'nanos': 522005}, 'statistics': {'Evaluated': 8, 'BankSize': 8, 'FoundContextCount': 6, 'MaxMutatingOpcodes': 0, 'MaxDepth': 1, 'MaxSize': 1}}, {'time': {'secs': 0, 'nanos': 54114035}, 'statistics': {'Evaluated': 1244, 'BankSize': 119, 'FoundContextCount': 42, 'MaxMutatingOpcodes': 1, 'MaxDepth': 2, 'MaxSize': 4}}, {'time': {'secs': 2, 'nanos': 296064271}, 'statistics': {'Evaluated': 1618511, 'BankSize': 50713, 'FoundContextCount': 2479, 'MaxMutatingOpcodes': 3, 'MaxDepth': 3, 'MaxSize': 12}}, {'time': {'secs': 150, 'nanos': 898563338}, 'statistics': {'Evaluated': 141523746, 'BankSize': 31281287, 'FoundContextCount': 42, 'MaxMutatingOpcodes': 3, 'MaxDepth': 4, 'MaxSize': 21}}]","['arr.splice(beg++,1,toadd); beg', 'arr.splice(beg,1,toadd); beg++; beg']",1,4
get_range_loopy_while,30.001097,,OOM,,tasks/benchmarks/fromSobeq/must/LooPy/get_range_loopy_while.sy,https://github.com/KasraF/SnippySynthesizer/blob/loopy/src/test/resources/frangel_control/get_range_loopy.examples.json,Primitive Objects,With Side Effects,882,111.671586816 GB,40670143,12904320,2104,3,4,18,"[' ', '']","[0, 1]","[{'time': {'secs': 0, 'nanos': 1485114}, 'statistics': {'Evaluated': 8, 'BankSize': 8, 'FoundContextCount': 6, 'MaxMutatingOpcodes': 0, 'MaxDepth': 1, 'MaxSize': 1}}, {'time': {'secs': 0, 'nanos': 55667492}, 'statistics': {'Evaluated': 1185, 'BankSize': 112, 'FoundContextCount': 31, 'MaxMutatingOpcodes': 1, 'MaxDepth': 2, 'MaxSize': 4}}, {'time': {'secs': 3, 'nanos': 192755643}, 'statistics': {'Evaluated': 1488672, 'BankSize': 38327, 'FoundContextCount': 2073, 'MaxMutatingOpcodes': 3, 'MaxDepth': 3, 'MaxSize': 13}}, {'time': {'secs': 0, 'nanos': 0}, 'statistics': {'Evaluated': 39181554, 'BankSize': 12866020, 'FoundContextCount': 31, 'MaxMutatingOpcodes': 3, 'MaxDepth': 4, 'MaxSize': 18}}]",['out.push(start + i++)'],5,4
sum-two-arrays-destructive,37.001509,,OOM,,tasks/benchmarks/fromSobeq/may/sobeq-new/sum-two-arrays-destructive.sy,https://github.com/peleghila/sobeq/blob/main/benchmarks/must/sobeq-new/sum-two-arrays-destructive.sy,Primitive Objects,With Side Effects,881,107.642753024 GB,54767311,10732140,1690,3,4,23,"[' ', '']","[0, 1]","[{'time': {'secs': 0, 'nanos': 679708}, 'statistics': {'Evaluated': 7, 'BankSize': 7, 'FoundContextCount': 5, 'MaxMutatingOpcodes': 0, 'MaxDepth': 1, 'MaxSize': 1}}, {'time': {'secs': 0, 'nanos': 50293042}, 'statistics': {'Evaluated': 699, 'BankSize': 91, 'FoundContextCount': 23, 'MaxMutatingOpcodes': 1, 'MaxDepth': 2, 'MaxSize': 4}}, {'time': {'secs': 1, 'nanos': 610268403}, 'statistics': {'Evaluated': 661174, 'BankSize': 24975, 'FoundContextCount': 1667, 'MaxMutatingOpcodes': 3, 'MaxDepth': 3, 'MaxSize': 12}}, {'time': {'secs': 0, 'nanos': 0}, 'statistics': {'Evaluated': 54106192, 'BankSize': 10707180, 'FoundContextCount': 23, 'MaxMutatingOpcodes': 3, 'MaxDepth': 4, 'MaxSize': 23}}]",['rs.push(fst.shift() + snd.shift())'],2,3
leetcode-arraysum,42.001434,,OOM,,tasks/benchmarks/fromSobeq/must/sobeq-new/leetcode-arraysum.sy,https://leetcode.com/problems/running-sum-of-1d-array/,Primitive Objects,With Side Effects,882,109.583425536 GB,34654181,12646898,5322,3,4,17,"[' ', '']","[0, 1, -1]","[{'time': {'secs': 0, 'nanos': 1502204}, 'statistics': {'Evaluated': 8, 'BankSize': 8, 'FoundContextCount': 5, 'MaxMutatingOpcodes': 0, 'MaxDepth': 1, 'MaxSize': 1}}, {'time': {'secs': 0, 'nanos': 68505283}, 'statistics': {'Evaluated': 1196, 'BankSize': 130, 'FoundContextCount': 43, 'MaxMutatingOpcodes': 1, 'MaxDepth': 2, 'MaxSize': 4}}, {'time': {'secs': 10, 'nanos': 794387064}, 'statistics': {'Evaluated': 1733075, 'BankSize': 68895, 'FoundContextCount': 5279, 'MaxMutatingOpcodes': 3, 'MaxDepth': 3, 'MaxSize': 12}}, {'time': {'secs': 0, 'nanos': 0}, 'statistics': {'Evaluated': 32921144, 'BankSize': 12578022, 'FoundContextCount': 43, 'MaxMutatingOpcodes': 3, 'MaxDepth': 4, 'MaxSize': 17}}]",['runningSum.push(runningSum.at(-1) + n); runningSum'],4,3
elasticsearch_split,49.000699,,OOM,,tasks/benchmarks/fromFrangel/github/elasticsearch_split.sy,https://github.com/kensens/FrAngel/blob/master/src/frangel/benchmarks/github/ElasticSearchSplit.java,Primitive Objects,Without Side Effects,881,111.71670016 GB,47982117,7916982,1632,3,4,22,"[' ', '']","[0, 1]","[{'time': {'secs': 0, 'nanos': 1334130}, 'statistics': {'Evaluated': 7, 'BankSize': 7, 'FoundContextCount': 5, 'MaxMutatingOpcodes': 0, 'MaxDepth': 1, 'MaxSize': 1}}, {'time': {'secs': 0, 'nanos': 160039741}, 'statistics': {'Evaluated': 786, 'BankSize': 102, 'FoundContextCount': 24, 'MaxMutatingOpcodes': 1, 'MaxDepth': 2, 'MaxSize': 4}}, {'time': {'secs': 2, 'nanos': 513238237}, 'statistics': {'Evaluated': 964039, 'BankSize': 35888, 'FoundContextCount': 1608, 'MaxMutatingOpcodes': 3, 'MaxDepth': 3, 'MaxSize': 13}}, {'time': {'secs': 0, 'nanos': 0}, 'statistics': {'Evaluated': 47018106, 'BankSize': 7881097, 'FoundContextCount': 24, 'MaxMutatingOpcodes': 3, 'MaxDepth': 4, 'MaxSize': 22}}]","['result[0] = toSplit.substring(0, index); result[1] = toSplit.substring(index + 1); result']",5,3
stackoverflow4modified,63.000876,,OOM,,tasks/benchmarks/fromSobeq/may/probe/stackoverflow4modified.sy,https=//stackoverflow.com/questions/2727679/substring-in-excel,Primitive,Without Side Effects,882,109.087244288 GB,101461569,13536059,74,1,4,27,"['>', ',', ' ', '<', '']","[0, 1]","[{'time': {'secs': 0, 'nanos': 692105}, 'statistics': {'Evaluated': 8, 'BankSize': 8, 'FoundContextCount': 2, 'MaxMutatingOpcodes': 0, 'MaxDepth': 1, 'MaxSize': 1}}, {'time': {'secs': 0, 'nanos': 59612430}, 'statistics': {'Evaluated': 1140, 'BankSize': 112, 'FoundContextCount': 5, 'MaxMutatingOpcodes': 1, 'MaxDepth': 2, 'MaxSize': 4}}, {'time': {'secs': 2, 'nanos': 593255437}, 'statistics': {'Evaluated': 1700746, 'BankSize': 39793, 'FoundContextCount': 69, 'MaxMutatingOpcodes': 1, 'MaxDepth': 3, 'MaxSize': 13}}, {'time': {'secs': 0, 'nanos': 0}, 'statistics': {'Evaluated': 99760915, 'BankSize': 13496280, 'FoundContextCount': 5, 'MaxMutatingOpcodes': 1, 'MaxDepth': 4, 'MaxSize': 27}}]","[""_arg_0.replaceAll('<',' ').replaceAll('>','').replaceAll(',',' ')""]",3,1
phone-10-longmodified,64.001383,,OOM,,tasks/benchmarks/fromSobeq/may/probe/phone-10-longmodified.sy,,Primitive,Without Side Effects,882,108.391243776 GB,106559614,13881085,78,1,4,27,"[') ', ' ', ' (', '-', '']","[0, 1]","[{'time': {'secs': 0, 'nanos': 517132}, 'statistics': {'Evaluated': 8, 'BankSize': 8, 'FoundContextCount': 2, 'MaxMutatingOpcodes': 0, 'MaxDepth': 1, 'MaxSize': 1}}, {'time': {'secs': 0, 'nanos': 53218085}, 'statistics': {'Evaluated': 1140, 'BankSize': 129, 'FoundContextCount': 5, 'MaxMutatingOpcodes': 1, 'MaxDepth': 2, 'MaxSize': 4}}, {'time': {'secs': 2, 'nanos': 906399406}, 'statistics': {'Evaluated': 2163282, 'BankSize': 48662, 'FoundContextCount': 73, 'MaxMutatingOpcodes': 1, 'MaxDepth': 3, 'MaxSize': 13}}, {'time': {'secs': 0, 'nanos': 0}, 'statistics': {'Evaluated': 104396416, 'BankSize': 13832429, 'FoundContextCount': 5, 'MaxMutatingOpcodes': 1, 'MaxDepth': 4, 'MaxSize': 27}}]","[""_arg_0.replace(' ', ' (').replace('-', ') ')""]",3,1
clean-and-reformat-telephone-numbersmodified,113.001351,,OOM,,tasks/benchmarks/fromSobeq/may/probe/clean-and-reformat-telephone-numbersmodified.sy,https=//exceljet.net/formula/clean-and-reformat-telephone-numbers,Primitive,Without Side Effects,883,108.08977408 GB,151817480,16341267,112,1,4,23,"['>', '.', ' ', '<', '-', '']","[0, 1]","[{'time': {'secs': 0, 'nanos': 559706}, 'statistics': {'Evaluated': 9, 'BankSize': 9, 'FoundContextCount': 2, 'MaxMutatingOpcodes': 0, 'MaxDepth': 1, 'MaxSize': 1}}, {'time': {'secs': 0, 'nanos': 57118764}, 'statistics': {'Evaluated': 1595, 'BankSize': 168, 'FoundContextCount': 6, 'MaxMutatingOpcodes': 1, 'MaxDepth': 2, 'MaxSize': 4}}, {'time': {'secs': 6, 'nanos': 194100785}, 'statistics': {'Evaluated': 5618127, 'BankSize': 133670, 'FoundContextCount': 106, 'MaxMutatingOpcodes': 1, 'MaxDepth': 3, 'MaxSize': 13}}, {'time': {'secs': 0, 'nanos': 0}, 'statistics': {'Evaluated': 146199497, 'BankSize': 16207623, 'FoundContextCount': 6, 'MaxMutatingOpcodes': 1, 'MaxDepth': 4, 'MaxSize': 23}}]","[""_arg_0.replaceAll('<','').replaceAll('>','').replaceAll('.','').replaceAll('-','').replaceAll(' ','')""]",3,1
MaxAndMin-keepAllElems,906.593371,,OOM,,tasks/benchmarks/fromSobeq/must/stateCopies/MaxAndMin-keepAllElems.sy,https://github.com/peleghila/sobeq/blob/main/benchmarks/must/stateCopies/MaxAndMin-keepAllElems.sy,Primitive Objects,With Side Effects,879,107.704864768 GB,858802725,26163371,4121,3,5,36,"[' ', '']","[0, 1]","[{'time': {'secs': 0, 'nanos': 658230}, 'statistics': {'Evaluated': 5, 'BankSize': 5, 'FoundContextCount': 2, 'MaxMutatingOpcodes': 0, 'MaxDepth': 1, 'MaxSize': 1}}, {'time': {'secs': 0, 'nanos': 53782631}, 'statistics': {'Evaluated': 320, 'BankSize': 42, 'FoundContextCount': 9, 'MaxMutatingOpcodes': 1, 'MaxDepth': 2, 'MaxSize': 4}}, {'time': {'secs': 0, 'nanos': 133608859}, 'statistics': {'Evaluated': 51209, 'BankSize': 2911, 'FoundContextCount': 132, 'MaxMutatingOpcodes': 2, 'MaxDepth': 3, 'MaxSize': 12}}, {'time': {'secs': 867, 'nanos': 677450728}, 'statistics': {'Evaluated': 797315394, 'BankSize': 4492357, 'FoundContextCount': 3989, 'MaxMutatingOpcodes': 3, 'MaxDepth': 4, 'MaxSize': 31}}, {'time': {'secs': 0, 'nanos': 0}, 'statistics': {'Evaluated': 61487502, 'BankSize': 21671077, 'FoundContextCount': 132, 'MaxMutatingOpcodes': 3, 'MaxDepth': 5, 'MaxSize': 36}}]","['arr.sort((a, b)=>a - b)[0] + arr.reverse()[0]']",2,1
UppercaseFirstChar,1223.002429,,OOM,,tasks/benchmarks/fromSobeq/may/FrAngel/UppercaseFirstChar.sy,https://github.com/kensens/FrAngel/blob/master/src/frangel/benchmarks/controlstructures/UppercaseFirstChar.java,Primitive,Without Side Effects,879,107.543068672 GB,1158413529,13318401,17,1,4,40,"[' ', '']","[0, 1]","[{'time': {'secs': 0, 'nanos': 520671}, 'statistics': {'Evaluated': 5, 'BankSize': 5, 'FoundContextCount': 2, 'MaxMutatingOpcodes': 0, 'MaxDepth': 1, 'MaxSize': 1}}, {'time': {'secs': 0, 'nanos': 52616175}, 'statistics': {'Evaluated': 315, 'BankSize': 37, 'FoundContextCount': 2, 'MaxMutatingOpcodes': 1, 'MaxDepth': 2, 'MaxSize': 4}}, {'time': {'secs': 0, 'nanos': 155523997}, 'statistics': {'Evaluated': 69987, 'BankSize': 3362, 'FoundContextCount': 15, 'MaxMutatingOpcodes': 1, 'MaxDepth': 3, 'MaxSize': 13}}, {'time': {'secs': 0, 'nanos': 0}, 'statistics': {'Evaluated': 1158343590, 'BankSize': 13315042, 'FoundContextCount': 2, 'MaxMutatingOpcodes': 1, 'MaxDepth': 4, 'MaxSize': 40}}]","['str.slice(0,1).toUpperCase() + str.slice(1)', 'str.slice(0,1).toUpperCase() + str.slice(1,str.length)']",3,1
inc_tree_values_connected,2274.002855,,OOM,,tasks/benchmarks/new_ruse/relations/inc_tree_values_connected.sy,,Full OOP,With Side Effects,1181,107.64111872 GB,220534230,6820301,555,1,4,28,"[' ', '']","[0, 1]","[{'time': {'secs': 0, 'nanos': 3816039}, 'statistics': {'Evaluated': 7, 'BankSize': 7, 'FoundContextCount': 2, 'MaxMutatingOpcodes': 0, 'MaxDepth': 1, 'MaxSize': 1}}, {'time': {'secs': 0, 'nanos': 100108409}, 'statistics': {'Evaluated': 677, 'BankSize': 101, 'FoundContextCount': 25, 'MaxMutatingOpcodes': 1, 'MaxDepth': 2, 'MaxSize': 4}}, {'time': {'secs': 2, 'nanos': 880672556}, 'statistics': {'Evaluated': 313596, 'BankSize': 13267, 'FoundContextCount': 530, 'MaxMutatingOpcodes': 1, 'MaxDepth': 3, 'MaxSize': 12}}, {'time': {'secs': 0, 'nanos': 0}, 'statistics': {'Evaluated': 220220634, 'BankSize': 6807034, 'FoundContextCount': 25, 'MaxMutatingOpcodes': 1, 'MaxDepth': 4, 'MaxSize': 28}}]",['tree1.inc_value(); tree2.inc_value(); tree3.inc_value()'],1,3
initials_smallmodified,2349.000614,,OOM,,tasks/benchmarks/fromSobeq/may/probe/initials_smallmodified.sy,,Primitive,Without Side Effects,880,107.407183872 GB,2085938035,12439541,28,1,4,38,"[' ', '.', '']","[0, 1]","[{'time': {'secs': 0, 'nanos': 556728}, 'statistics': {'Evaluated': 6, 'BankSize': 6, 'FoundContextCount': 2, 'MaxMutatingOpcodes': 0, 'MaxDepth': 1, 'MaxSize': 1}}, {'time': {'secs': 0, 'nanos': 54711590}, 'statistics': {'Evaluated': 512, 'BankSize': 58, 'FoundContextCount': 3, 'MaxMutatingOpcodes': 1, 'MaxDepth': 2, 'MaxSize': 4}}, {'time': {'secs': 0, 'nanos': 267421717}, 'statistics': {'Evaluated': 157458, 'BankSize': 5367, 'FoundContextCount': 25, 'MaxMutatingOpcodes': 1, 'MaxDepth': 3, 'MaxSize': 13}}, {'time': {'secs': 0, 'nanos': 0}, 'statistics': {'Evaluated': 2085780610, 'BankSize': 12434174, 'FoundContextCount': 3, 'MaxMutatingOpcodes': 1, 'MaxDepth': 4, 'MaxSize': 38}}]","[""_arg_0.split(' ')[0][0] + '.' + _arg_0.split(' ')[1][0] + '.'""]",3,1
sypet_06_solveLinear,3600.000797,,Timeout,,tasks/benchmarks/fromFrangel/sypet/sypet_06_solveLinear.sy,https://github.com/kensens/FrAngel/blob/master/src/frangel/benchmarks/sypet/SyPet_06_solveLinear.java,Full OOP,Without Side Effects,2505,22.222170624 GB,302405968,4701824,585,1,4,28,"[' ', '']","[0, 1]","[{'time': {'secs': 0, 'nanos': 27055151}, 'statistics': {'Evaluated': 9, 'BankSize': 9, 'FoundContextCount': 4, 'MaxMutatingOpcodes': 0, 'MaxDepth': 1, 'MaxSize': 1}}, {'time': {'secs': 0, 'nanos': 139217803}, 'statistics': {'Evaluated': 1132, 'BankSize': 52, 'FoundContextCount': 0, 'MaxMutatingOpcodes': 0, 'MaxDepth': 2, 'MaxSize': 5}}, {'time': {'secs': 3, 'nanos': 562811606}, 'statistics': {'Evaluated': 234181, 'BankSize': 5050, 'FoundContextCount': 4, 'MaxMutatingOpcodes': 0, 'MaxDepth': 3, 'MaxSize': 13}}, {'time': {'secs': 8, 'nanos': 457834624}, 'statistics': {'Evaluated': 6807, 'BankSize': 1451, 'FoundContextCount': 0, 'MaxMutatingOpcodes': 0, 'MaxDepth': 4, 'MaxSize': 13}}]",['(new SingularValueDecomposition(new Matrix(mat))).inverse().mmul((new Matrix(vec)).transpose()).to1DArray()'],2,2
